specification	source_area	class	requirement_id
cairn/specs/artifact-registry/spec.md	artifact_registry	accepted-implementation-unestablished	molten.artifact_registry.modularity.discovery_non_authority
cairn/specs/artifact-registry/spec.md	artifact_registry	accepted-implementation-unestablished	molten.artifact_registry.modularity.evidence_without_storage
cairn/specs/artifact-registry/spec.md	artifact_registry	accepted-implementation-unestablished	molten.artifact_registry.modularity.layer_ownership
cairn/specs/artifact-registry/spec.md	artifact_registry	accepted-implementation-unestablished	molten.artifact_registry.modularity.tests
cairn/specs/artifact-registry/spec.md	artifacts	accepted-implementation-unestablished	molten.artifacts.local_evidence_ledger.content_table
cairn/specs/artifact-registry/spec.md	artifacts	accepted-implementation-unestablished	molten.artifacts.local_evidence_ledger.import_export
cairn/specs/artifact-registry/spec.md	artifacts	accepted-implementation-unestablished	molten.artifacts.local_evidence_ledger.indexes
cairn/specs/artifact-registry/spec.md	artifacts	accepted-implementation-unestablished	molten.artifacts.local_evidence_ledger.retention_gc
cairn/specs/artifact-registry/spec.md	artifacts	accepted-implementation-unestablished	molten.artifacts.local_evidence_ledger.tests
cairn/specs/artifact-registry/spec.md	artifacts	accepted-implementation-unestablished	molten.artifacts.local_evidence_ledger.validation_receipts
cairn/specs/artifact-registry/spec.md	claim_authority	accepted-implementation-unestablished	molten.claim_authority.readback_non_authority
cairn/specs/artifact-registry/spec.md	evidence	accepted-implementation-unestablished	molten.evidence.chain_hashing.anchor_policy
cairn/specs/artifact-registry/spec.md	evidence	accepted-implementation-unestablished	molten.evidence.chain_hashing.anchor_policy.gc
cairn/specs/artifact-registry/spec.md	evidence	accepted-implementation-unestablished	molten.evidence.chain_hashing.append_receipts
cairn/specs/artifact-registry/spec.md	evidence	accepted-implementation-unestablished	molten.evidence.chain_hashing.append_receipts.idempotent
cairn/specs/artifact-registry/spec.md	evidence	accepted-implementation-unestablished	molten.evidence.chain_hashing.append_receipts.stale
cairn/specs/artifact-registry/spec.md	evidence	accepted-implementation-unestablished	molten.evidence.chain_hashing.control_plane_checkpoints
cairn/specs/artifact-registry/spec.md	evidence	accepted-implementation-unestablished	molten.evidence.chain_hashing.control_plane_checkpoints.descends
cairn/specs/artifact-registry/spec.md	evidence	accepted-implementation-unestablished	molten.evidence.chain_hashing.ledger_index
cairn/specs/artifact-registry/spec.md	evidence	accepted-implementation-unestablished	molten.evidence.chain_hashing.ledger_index.head_requires_content
cairn/specs/artifact-registry/spec.md	evidence	accepted-implementation-unestablished	molten.evidence.chain_hashing.ledger_index.rebuild
cairn/specs/authority-identity-revocation/spec.md	authority	accepted-implementation-unestablished	molten.authority.admission_gate
cairn/specs/authority-identity-revocation/spec.md	authority	accepted-implementation-unestablished	molten.authority.authority_cleanup
cairn/specs/authority-identity-revocation/spec.md	authority	accepted-implementation-unestablished	molten.authority.context_model
cairn/specs/authority-identity-revocation/spec.md	authority	accepted-implementation-unestablished	molten.authority.effect_integration
cairn/specs/authority-identity-revocation/spec.md	authority	accepted-implementation-unestablished	molten.authority.expiry_tests
cairn/specs/authority-identity-revocation/spec.md	authority	accepted-implementation-unestablished	molten.authority.gatekeeper_resolution
cairn/specs/authority-identity-revocation/spec.md	authority	accepted-implementation-unestablished	molten.authority.identity_model
cairn/specs/authority-identity-revocation/spec.md	authority	accepted-implementation-unestablished	molten.authority.names_metadata
cairn/specs/authority-identity-revocation/spec.md	authority	accepted-implementation-unestablished	molten.authority.no_identity_authority
cairn/specs/authority-identity-revocation/spec.md	authority	accepted-implementation-unestablished	molten.authority.property_tests
cairn/specs/authority-identity-revocation/spec.md	authority	accepted-implementation-unestablished	molten.authority.receipts
cairn/specs/authority-identity-revocation/spec.md	authority	accepted-implementation-unestablished	molten.authority.replay_scope
cairn/specs/authority-identity-revocation/spec.md	authority	accepted-implementation-unestablished	molten.authority.revocation_model
cairn/specs/authority-identity-revocation/spec.md	authority	accepted-implementation-unestablished	molten.authority.revocation_tests
cairn/specs/authority-identity-revocation/spec.md	authority	accepted-implementation-unestablished	molten.authority.rotation_tests
cairn/specs/authority-identity-revocation/spec.md	authority	accepted-implementation-unestablished	molten.authority.storage_remote_catalog
cairn/specs/authority-identity-revocation/spec.md	capability_token	accepted-implementation-unestablished	molten.capability_token.admission_law
cairn/specs/authority-identity-revocation/spec.md	capability_token	accepted-implementation-unestablished	molten.capability_token.basalt_ucan_seam
cairn/specs/authority-identity-revocation/spec.md	capability_token	accepted-implementation-unestablished	molten.capability_token.diagnostics
cairn/specs/authority-identity-revocation/spec.md	capability_token	accepted-implementation-unestablished	molten.capability_token.fixture_not_parallel_authority
cairn/specs/authority-identity-revocation/spec.md	capability_token	accepted-implementation-unestablished	molten.capability_token.import_not_authority
cairn/specs/authority-identity-revocation/spec.md	capability_token	accepted-implementation-unestablished	molten.capability_token.positive_negative_tests
cairn/specs/authority-identity-revocation/spec.md	capability_token	accepted-implementation-unestablished	molten.capability_token.record_model
cairn/specs/authority-identity-revocation/spec.md	capability_token	accepted-implementation-unestablished	molten.capability_token.taxonomy
cairn/specs/authority-identity-revocation/spec.md	capability_token	accepted-implementation-unestablished	molten.capability_token.ucan_verified_authority
cairn/specs/authority-identity-revocation/spec.md	peer_promotion	accepted-implementation-unestablished	molten.peer_promotion.approval_policy
cairn/specs/authority-identity-revocation/spec.md	peer_promotion	accepted-implementation-unestablished	molten.peer_promotion.authority_separation
cairn/specs/authority-identity-revocation/spec.md	peer_promotion	accepted-implementation-unestablished	molten.peer_promotion.demotion_cleanup
cairn/specs/authority-identity-revocation/spec.md	peer_promotion	accepted-implementation-unestablished	molten.peer_promotion.no_self_escalation
cairn/specs/authority-identity-revocation/spec.md	peer_promotion	accepted-implementation-unestablished	molten.peer_promotion.positive_negative_tests
cairn/specs/authority-identity-revocation/spec.md	peer_promotion	accepted-implementation-unestablished	molten.peer_promotion.record_model
cairn/specs/authority-identity-revocation/spec.md	peer_promotion	accepted-implementation-unestablished	molten.peer_promotion.role_delta
cairn/specs/catalog/spec.md	catalog	accepted-implementation-unestablished	molten.catalog.replay_coverage.matrix_search
cairn/specs/catalog/spec.md	catalog	accepted-implementation-unestablished	molten.catalog.replay_coverage.readonly
cairn/specs/catalog/spec.md	catalog	accepted-implementation-unestablished	molten.catalog.replay_evidence_mcp.filter_args
cairn/specs/catalog/spec.md	catalog	accepted-implementation-unestablished	molten.catalog.replay_evidence_mcp.readonly_tool
cairn/specs/catalog/spec.md	catalog	accepted-implementation-unestablished	molten.catalog.replay_evidence_mcp.tests
cairn/specs/catalog/spec.md	catalog	accepted-implementation-unestablished	molten.catalog.replay_freshness.evidence_only
cairn/specs/catalog/spec.md	catalog	accepted-implementation-unestablished	molten.catalog.replay_freshness.identity_search
cairn/specs/catalog/spec.md	catalog	accepted-implementation-unestablished	molten.catalog.short_id_canonical_prefixes
cairn/specs/catalog/spec.md	catalog	accepted-implementation-unestablished	molten.catalog.short_id_malformed_denials
cairn/specs/catalog/spec.md	determinism	accepted-implementation-unestablished	molten.determinism.replay_first_divergence.cli_fixture
cairn/specs/catalog/spec.md	determinism	accepted-implementation-unestablished	molten.determinism.replay_first_divergence.debug_record
cairn/specs/catalog/spec.md	determinism	accepted-implementation-unestablished	molten.determinism.replay_first_divergence.recorded_effects_only
cairn/specs/catalog/spec.md	determinism	accepted-implementation-unestablished	molten.determinism.replay_first_divergence.tests
cairn/specs/catalog/spec.md	determinism	accepted-implementation-unestablished	molten.determinism.replay_first_divergence.verify_receipt
cairn/specs/catalog/spec.md	determinism	accepted-implementation-unestablished	molten.determinism.replay_index.catalog
cairn/specs/catalog/spec.md	determinism	accepted-implementation-unestablished	molten.determinism.replay_index.mcp
cairn/specs/catalog/spec.md	determinism	accepted-implementation-unestablished	molten.determinism.replay_index.schema
cairn/specs/catalog/spec.md	determinism	accepted-implementation-unestablished	molten.determinism.replay_index.tests
cairn/specs/catalog/spec.md	determinism	accepted-implementation-unestablished	molten.determinism.replay_index.validation
cairn/specs/catalog/spec.md	determinism	accepted-implementation-unestablished	molten.determinism.replay_receipt_catalog.classify_divergence
cairn/specs/catalog/spec.md	determinism	accepted-implementation-unestablished	molten.determinism.replay_receipt_catalog.classify_verify
cairn/specs/catalog/spec.md	determinism	accepted-implementation-unestablished	molten.determinism.replay_receipt_catalog.ledger_kind
cairn/specs/catalog/spec.md	determinism	accepted-implementation-unestablished	molten.determinism.replay_receipt_catalog.tests
cairn/specs/catalog/spec.md	determinism	accepted-implementation-unestablished	molten.determinism.replay_rollup.catalog
cairn/specs/catalog/spec.md	determinism	accepted-implementation-unestablished	molten.determinism.replay_rollup.schema
cairn/specs/catalog/spec.md	determinism	accepted-implementation-unestablished	molten.determinism.replay_rollup.tests
cairn/specs/catalog/spec.md	determinism	accepted-implementation-unestablished	molten.determinism.replay_rollup.validation
cairn/specs/catalog/spec.md	operator_gateway	accepted-implementation-unestablished	molten.operator_gateway.readback_core
cairn/specs/catalog/spec.md	operator_gateway	accepted-implementation-unestablished	molten.operator_gateway.readonly_index
cairn/specs/catalog/spec.md	operator_gateway	accepted-implementation-unestablished	molten.operator_gateway.receipts
cairn/specs/catalog/spec.md	release	accepted-implementation-unestablished	molten.release.replay_freshness.readback
cairn/specs/catalog/spec.md	release	accepted-implementation-unestablished	molten.release.replay_index_binding.bundle
cairn/specs/catalog/spec.md	release	accepted-implementation-unestablished	molten.release.replay_index_binding.catalog
cairn/specs/catalog/spec.md	release	accepted-implementation-unestablished	molten.release.replay_index_binding.gate
cairn/specs/catalog/spec.md	release	accepted-implementation-unestablished	molten.release.replay_index_binding.readback
cairn/specs/catalog/spec.md	release	accepted-implementation-unestablished	molten.release.replay_index_binding.tests
cairn/specs/catalog/spec.md	release	accepted-implementation-unestablished	molten.release.replay_verify_export.archive
cairn/specs/catalog/spec.md	release	accepted-implementation-unestablished	molten.release.replay_verify_export.bundle
cairn/specs/catalog/spec.md	release	accepted-implementation-unestablished	molten.release.replay_verify_export.local_output
cairn/specs/catalog/spec.md	release	accepted-implementation-unestablished	molten.release.replay_verify_export.readback
cairn/specs/catalog/spec.md	release	accepted-implementation-unestablished	molten.release.replay_verify_export.tests
cairn/specs/choreography/spec.md	choreography	accepted-implementation-unestablished	molten.choreography.branching
cairn/specs/choreography/spec.md	choreography	accepted-implementation-unestablished	molten.choreography.cairn_receipts
cairn/specs/choreography/spec.md	choreography	accepted-implementation-unestablished	molten.choreography.compiler
cairn/specs/choreography/spec.md	choreography	accepted-implementation-unestablished	molten.choreography.dataspace_observability
cairn/specs/choreography/spec.md	choreography	accepted-implementation-unestablished	molten.choreography.endpoint_projection
cairn/specs/choreography/spec.md	choreography	accepted-implementation-unestablished	molten.choreography.facade_codegen_receipts
cairn/specs/choreography/spec.md	choreography	accepted-implementation-unestablished	molten.choreography.facade_epp_as_di
cairn/specs/choreography/spec.md	choreography	accepted-implementation-unestablished	molten.choreography.facade_positive_negative_tests
cairn/specs/choreography/spec.md	choreography	accepted-implementation-unestablished	molten.choreography.facade_runner_projection_parity
cairn/specs/choreography/spec.md	choreography	accepted-implementation-unestablished	molten.choreography.id_registry
cairn/specs/choreography/spec.md	choreography	accepted-implementation-unestablished	molten.choreography.installation_receipt
cairn/specs/choreography/spec.md	choreography	accepted-implementation-unestablished	molten.choreography.integration_tests
cairn/specs/choreography/spec.md	choreography	accepted-implementation-unestablished	molten.choreography.local_interpreter
cairn/specs/choreography/spec.md	choreography	accepted-implementation-unestablished	molten.choreography.manifest
cairn/specs/choreography/spec.md	choreography	accepted-implementation-unestablished	molten.choreography.no_chorus_contract
cairn/specs/choreography/spec.md	choreography	accepted-implementation-unestablished	molten.choreography.no_chorus_transport_adoption
cairn/specs/choreography/spec.md	choreography	accepted-implementation-unestablished	molten.choreography.payload_registry
cairn/specs/choreography/spec.md	choreography	accepted-implementation-unestablished	molten.choreography.policy_boundary
cairn/specs/choreography/spec.md	choreography	accepted-implementation-unestablished	molten.choreography.projectability_gate
cairn/specs/choreography/spec.md	choreography	accepted-implementation-unestablished	molten.choreography.property_tests
cairn/specs/choreography/spec.md	choreography	accepted-implementation-unestablished	molten.choreography.protocol_envelope
cairn/specs/choreography/spec.md	choreography	accepted-implementation-unestablished	molten.choreography.remote_ready
cairn/specs/choreography/spec.md	choreography	accepted-implementation-unestablished	molten.choreography.role_scoped_payloads
cairn/specs/choreography/spec.md	choreography	accepted-implementation-unestablished	molten.choreography.send_receive
cairn/specs/choreography/spec.md	choreography	accepted-implementation-unestablished	molten.choreography.sequence_replay
cairn/specs/choreography/spec.md	choreography	accepted-implementation-unestablished	molten.choreography.session_state
cairn/specs/choreography/spec.md	choreography	accepted-implementation-unestablished	molten.choreography.trellis_core
cairn/specs/choreography/spec.md	choreography	accepted-implementation-unestablished	molten.choreography.typed_facade_from_manifest
cairn/specs/choreography/spec.md	trellis_protocol_session	accepted-implementation-unestablished	molten.trellis_protocol_session.spec.endpoint_state
cairn/specs/choreography/spec.md	trellis_protocol_session	accepted-implementation-unestablished	molten.trellis_protocol_session.spec.install_gate
cairn/specs/choreography/spec.md	trellis_protocol_session	accepted-implementation-unestablished	molten.trellis_protocol_session.spec.lifecycle_gate
cairn/specs/choreography/spec.md	trellis_protocol_session	accepted-implementation-unestablished	molten.trellis_protocol_session.spec.transport_neutral
cairn/specs/confidentiality/spec.md	operator_gateway	accepted-implementation-unestablished	molten.operator_gateway.visibility_retention
cairn/specs/confidentiality/spec.md	secrets	accepted-implementation-unestablished	molten.secrets.catalog_redaction
cairn/specs/confidentiality/spec.md	secrets	accepted-implementation-unestablished	molten.secrets.decrypt_effect
cairn/specs/confidentiality/spec.md	secrets	accepted-implementation-unestablished	molten.secrets.encrypted_refs
cairn/specs/confidentiality/spec.md	secrets	accepted-implementation-unestablished	molten.secrets.field_labels
cairn/specs/confidentiality/spec.md	secrets	accepted-implementation-unestablished	molten.secrets.no_plaintext_logs
cairn/specs/confidentiality/spec.md	secrets	accepted-implementation-unestablished	molten.secrets.property_tests
cairn/specs/confidentiality/spec.md	secrets	accepted-implementation-unestablished	molten.secrets.redaction_markers
cairn/specs/confidentiality/spec.md	secrets	accepted-implementation-unestablished	molten.secrets.redaction_tests
cairn/specs/confidentiality/spec.md	secrets	accepted-implementation-unestablished	molten.secrets.replay_commitments
cairn/specs/confidentiality/spec.md	secrets	accepted-implementation-unestablished	molten.secrets.replay_tests
cairn/specs/confidentiality/spec.md	secrets	accepted-implementation-unestablished	molten.secrets.reveal_receipts
cairn/specs/confidentiality/spec.md	secrets	accepted-implementation-unestablished	molten.secrets.reveal_tests
cairn/specs/confidentiality/spec.md	secrets	accepted-implementation-unestablished	molten.secrets.revocation_cleanup
cairn/specs/confidentiality/spec.md	secrets	accepted-implementation-unestablished	molten.secrets.secret_ref_model
cairn/specs/confidentiality/spec.md	secrets	accepted-implementation-unestablished	molten.secrets.snapshot_export
cairn/specs/confidentiality/spec.md	secrets	accepted-implementation-unestablished	molten.secrets.transcript_policy
cairn/specs/confidentiality/spec.md	secrets_redaction_encrypted_refs	accepted-implementation-unestablished	molten.secrets_redaction_encrypted_refs.commitment_replay
cairn/specs/confidentiality/spec.md	secrets_redaction_encrypted_refs	accepted-implementation-unestablished	molten.secrets_redaction_encrypted_refs.decrypt_effect
cairn/specs/confidentiality/spec.md	secrets_redaction_encrypted_refs	accepted-implementation-unestablished	molten.secrets_redaction_encrypted_refs.field_labels
cairn/specs/confidentiality/spec.md	secrets_redaction_encrypted_refs	accepted-implementation-unestablished	molten.secrets_redaction_encrypted_refs.gate_preserving_redaction
cairn/specs/confidentiality/spec.md	secrets_redaction_encrypted_refs	accepted-implementation-unestablished	molten.secrets_redaction_encrypted_refs.hidden_ref_policy
cairn/specs/confidentiality/spec.md	secrets_redaction_encrypted_refs	accepted-implementation-unestablished	molten.secrets_redaction_encrypted_refs.ledger_catalog
cairn/specs/confidentiality/spec.md	secrets_redaction_encrypted_refs	accepted-implementation-unestablished	molten.secrets_redaction_encrypted_refs.negative_tests
cairn/specs/confidentiality/spec.md	secrets_redaction_encrypted_refs	accepted-implementation-unestablished	molten.secrets_redaction_encrypted_refs.no_plaintext_logs
cairn/specs/confidentiality/spec.md	secrets_redaction_encrypted_refs	accepted-implementation-unestablished	molten.secrets_redaction_encrypted_refs.private_bundle_profile
cairn/specs/confidentiality/spec.md	secrets_redaction_encrypted_refs	accepted-implementation-unestablished	molten.secrets_redaction_encrypted_refs.property_tests
cairn/specs/confidentiality/spec.md	secrets_redaction_encrypted_refs	accepted-implementation-unestablished	molten.secrets_redaction_encrypted_refs.redacted_views
cairn/specs/confidentiality/spec.md	secrets_redaction_encrypted_refs	accepted-implementation-unestablished	molten.secrets_redaction_encrypted_refs.reveal_gate
cairn/specs/confidentiality/spec.md	secrets_redaction_encrypted_refs	accepted-implementation-unestablished	molten.secrets_redaction_encrypted_refs.revocation_cleanup
cairn/specs/confidentiality/spec.md	secrets_redaction_encrypted_refs	accepted-implementation-unestablished	molten.secrets_redaction_encrypted_refs.schema_constants
cairn/specs/confidentiality/spec.md	secrets_redaction_encrypted_refs	accepted-implementation-unestablished	molten.secrets_redaction_encrypted_refs.secret_ref
cairn/specs/confidentiality/spec.md	secrets_redaction_encrypted_refs	accepted-implementation-unestablished	molten.secrets_redaction_encrypted_refs.spec.commitment_replay
cairn/specs/confidentiality/spec.md	secrets_redaction_encrypted_refs	accepted-implementation-unestablished	molten.secrets_redaction_encrypted_refs.spec.encrypted_ref_gate
cairn/specs/confidentiality/spec.md	secrets_redaction_encrypted_refs	accepted-implementation-unestablished	molten.secrets_redaction_encrypted_refs.spec.no_plaintext_default
cairn/specs/confidentiality/spec.md	secrets_redaction_encrypted_refs	accepted-implementation-unestablished	molten.secrets_redaction_encrypted_refs.transform_receipts
cairn/specs/consensus/spec.md	capability_token	accepted-implementation-unestablished	molten.capability_token.no_generic_membership
cairn/specs/consensus/spec.md	consensus	accepted-implementation-unestablished	molten.consensus.cairn_receipts
cairn/specs/consensus/spec.md	consensus	accepted-implementation-unestablished	molten.consensus.canonical_log_applications
cairn/specs/consensus/spec.md	consensus	accepted-implementation-unestablished	molten.consensus.choreography_registry
cairn/specs/consensus/spec.md	consensus	accepted-implementation-unestablished	molten.consensus.client_sessions
cairn/specs/consensus/spec.md	consensus	accepted-implementation-unestablished	molten.consensus.command_envelope
cairn/specs/consensus/spec.md	consensus	accepted-implementation-unestablished	molten.consensus.deterministic_state_machine
cairn/specs/consensus/spec.md	consensus	accepted-implementation-unestablished	molten.consensus.durable_store
cairn/specs/consensus/spec.md	consensus	accepted-implementation-unestablished	molten.consensus.group_manifest
cairn/specs/consensus/spec.md	consensus	accepted-implementation-unestablished	molten.consensus.integration_tests
cairn/specs/consensus/spec.md	consensus	accepted-implementation-unestablished	molten.consensus.linearizable_reads
cairn/specs/consensus/spec.md	consensus	accepted-implementation-unestablished	molten.consensus.log_admission
cairn/specs/consensus/spec.md	consensus	accepted-implementation-unestablished	molten.consensus.membership_changes
cairn/specs/consensus/spec.md	consensus	accepted-implementation-unestablished	molten.consensus.observability
cairn/specs/consensus/spec.md	consensus	accepted-implementation-unestablished	molten.consensus.policy_boundary
cairn/specs/consensus/spec.md	consensus	accepted-implementation-unestablished	molten.consensus.property_tests
cairn/specs/consensus/spec.md	consensus	accepted-implementation-unestablished	molten.consensus.recovery
cairn/specs/consensus/spec.md	consensus	accepted-implementation-unestablished	molten.consensus.snapshot_integrity
cairn/specs/consensus/spec.md	consensus	accepted-implementation-unestablished	molten.consensus.transport_neutral_messages
cairn/specs/consensus/spec.md	consensus	accepted-implementation-unestablished	molten.consensus.transport_tests
cairn/specs/consensus/spec.md	consensus	accepted-implementation-unestablished	molten.consensus.trellis_raft_core
cairn/specs/consensus/spec.md	consensus_engine_traits	accepted-implementation-unestablished	molten.consensus_engine_traits.capability_traits
cairn/specs/consensus/spec.md	consensus_engine_traits	accepted-implementation-unestablished	molten.consensus_engine_traits.conformance
cairn/specs/consensus/spec.md	consensus_engine_traits	accepted-implementation-unestablished	molten.consensus_engine_traits.hash_stability
cairn/specs/consensus/spec.md	consensus_engine_traits	accepted-implementation-unestablished	molten.consensus_engine_traits.unsupported_denials
cairn/specs/consensus/spec.md	peer_promotion	accepted-implementation-unestablished	molten.peer_promotion.raft_boundary
cairn/specs/consensus/spec.md	peer_subscriber	accepted-implementation-unestablished	molten.peer_subscriber.raft_boundary
cairn/specs/consensus/spec.md	raft_membership_admission	accepted-implementation-unestablished	molten.raft_membership_admission.cli_preflight
cairn/specs/consensus/spec.md	raft_membership_admission	accepted-implementation-unestablished	molten.raft_membership_admission.diagnostics
cairn/specs/consensus/spec.md	raft_membership_admission	accepted-implementation-unestablished	molten.raft_membership_admission.model
cairn/specs/consensus/spec.md	raft_membership_admission	accepted-implementation-unestablished	molten.raft_membership_admission.positive_negative_tests
cairn/specs/consensus/spec.md	raft_membership_admission	accepted-implementation-unestablished	molten.raft_membership_admission.preflight_checks
cairn/specs/consensus/spec.md	raft_membership_admission	accepted-implementation-unestablished	molten.raft_membership_admission.quorum_safety
cairn/specs/consensus/spec.md	raft_membership_admission	accepted-implementation-unestablished	molten.raft_membership_admission.stronger_than_peer
cairn/specs/content-addressed-chunk-store/spec.md	chunk_store	accepted-implementation-unestablished	molten.chunk_store.cap_std_boundary.conversion
cairn/specs/content-addressed-chunk-store/spec.md	chunk_store	accepted-implementation-unestablished	molten.chunk_store.cap_std_boundary.dependency
cairn/specs/content-addressed-chunk-store/spec.md	chunk_store	accepted-implementation-unestablished	molten.chunk_store.cap_std_boundary.docs
cairn/specs/content-addressed-chunk-store/spec.md	chunk_store	accepted-implementation-unestablished	molten.chunk_store.cap_std_boundary.root_wrappers
cairn/specs/content-addressed-chunk-store/spec.md	chunk_store	accepted-implementation-unestablished	molten.chunk_store.cap_std_boundary.validation
cairn/specs/content-addressed-chunk-store/spec.md	chunk_store	accepted-implementation-unestablished	molten.chunk_store.catalog
cairn/specs/content-addressed-chunk-store/spec.md	chunk_store	accepted-implementation-unestablished	molten.chunk_store.chunk_ref_model
cairn/specs/content-addressed-chunk-store/spec.md	chunk_store	accepted-implementation-unestablished	molten.chunk_store.compression_modes
cairn/specs/content-addressed-chunk-store/spec.md	chunk_store	accepted-implementation-unestablished	molten.chunk_store.confidentiality
cairn/specs/content-addressed-chunk-store/spec.md	chunk_store	accepted-implementation-unestablished	molten.chunk_store.dedup_tests
cairn/specs/content-addressed-chunk-store/spec.md	chunk_store	accepted-implementation-unestablished	molten.chunk_store.fixed_v1
cairn/specs/content-addressed-chunk-store/spec.md	chunk_store	accepted-implementation-unestablished	molten.chunk_store.gc_tests
cairn/specs/content-addressed-chunk-store/spec.md	chunk_store	accepted-implementation-unestablished	molten.chunk_store.identity_tests
cairn/specs/content-addressed-chunk-store/spec.md	chunk_store	accepted-implementation-unestablished	molten.chunk_store.iroh_adapter
cairn/specs/content-addressed-chunk-store/spec.md	chunk_store	accepted-implementation-unestablished	molten.chunk_store.manifest_model
cairn/specs/content-addressed-chunk-store/spec.md	chunk_store	accepted-implementation-unestablished	molten.chunk_store.modularity.boundaries
cairn/specs/content-addressed-chunk-store/spec.md	chunk_store	accepted-implementation-unestablished	molten.chunk_store.modularity.identity_preserving
cairn/specs/content-addressed-chunk-store/spec.md	chunk_store	accepted-implementation-unestablished	molten.chunk_store.modularity.retention_boundary
cairn/specs/content-addressed-chunk-store/spec.md	chunk_store	accepted-implementation-unestablished	molten.chunk_store.modularity.tests
cairn/specs/content-addressed-chunk-store/spec.md	chunk_store	accepted-implementation-unestablished	molten.chunk_store.no_transport_identity
cairn/specs/content-addressed-chunk-store/spec.md	chunk_store	accepted-implementation-unestablished	molten.chunk_store.pin_gc
cairn/specs/content-addressed-chunk-store/spec.md	chunk_store	accepted-implementation-unestablished	molten.chunk_store.property_tests
cairn/specs/content-addressed-chunk-store/spec.md	chunk_store	accepted-implementation-unestablished	molten.chunk_store.range_reads
cairn/specs/content-addressed-chunk-store/spec.md	chunk_store	accepted-implementation-unestablished	molten.chunk_store.receipts
cairn/specs/content-addressed-chunk-store/spec.md	chunk_store	accepted-implementation-unestablished	molten.chunk_store.redb_index
cairn/specs/content-addressed-chunk-store/spec.md	chunk_store	accepted-implementation-unestablished	molten.chunk_store.remote_byte_source_hints
cairn/specs/content-addressed-chunk-store/spec.md	chunk_store	accepted-implementation-unestablished	molten.chunk_store.remote_sync
cairn/specs/content-addressed-chunk-store/spec.md	chunk_store	accepted-implementation-unestablished	molten.chunk_store.replay_snapshots
cairn/specs/content-addressed-chunk-store/spec.md	chunk_store	accepted-implementation-unestablished	molten.chunk_store.resumable_fetch
cairn/specs/content-addressed-chunk-store/spec.md	chunk_store	accepted-implementation-unestablished	molten.chunk_store.streaming_verify
cairn/specs/content-addressed-chunk-store/spec.md	chunk_store	accepted-implementation-unestablished	molten.chunk_store.traversal_sync_strategy
cairn/specs/content-addressed-chunk-store/spec.md	chunk_store	accepted-implementation-unestablished	molten.chunk_store.traversal_sync_tests
cairn/specs/content-addressed-chunk-store/spec.md	chunk_store	accepted-implementation-unestablished	molten.chunk_store.typed_storage
cairn/specs/content-addressed-chunk-store/spec.md	chunk_store	accepted-implementation-unestablished	molten.chunk_store.verify_tests
cairn/specs/content-addressed-chunk-store/spec.md	operator_gateway	accepted-implementation-unestablished	molten.operator_gateway.verified_range_read
cairn/specs/coordination/spec.md	coordination	accepted-implementation-unestablished	molten.coordination.dataspace_interface
cairn/specs/coordination/spec.md	coordination	accepted-implementation-unestablished	molten.coordination.integration_tests
cairn/specs/coordination/spec.md	coordination	accepted-implementation-unestablished	molten.coordination.lock_fencing
cairn/specs/coordination/spec.md	coordination	accepted-implementation-unestablished	molten.coordination.lock_tests
cairn/specs/coordination/spec.md	coordination	accepted-implementation-unestablished	molten.coordination.no_default_mailbox
cairn/specs/coordination/spec.md	coordination	accepted-implementation-unestablished	molten.coordination.no_raft_ordinary_traffic_tests
cairn/specs/coordination/spec.md	coordination	accepted-implementation-unestablished	molten.coordination.primitive_model
cairn/specs/coordination/spec.md	coordination	accepted-implementation-unestablished	molten.coordination.property_tests
cairn/specs/coordination/spec.md	coordination	accepted-implementation-unestablished	molten.coordination.queue_tests
cairn/specs/coordination/spec.md	coordination	accepted-implementation-unestablished	molten.coordination.queue_visibility
cairn/specs/coordination/spec.md	coordination	accepted-implementation-unestablished	molten.coordination.raft_contract
cairn/specs/coordination/spec.md	coordination	accepted-implementation-unestablished	molten.coordination.rate_limit_semaphore
cairn/specs/coordination/spec.md	coordination	accepted-implementation-unestablished	molten.coordination.receipts
cairn/specs/coordination/spec.md	coordination	accepted-implementation-unestablished	molten.coordination.replay_backend
cairn/specs/coordination/spec.md	coordination	accepted-implementation-unestablished	molten.coordination.service_registry
cairn/specs/coordination/spec.md	coordination	accepted-implementation-unestablished	molten.coordination.small_control_plane_scope
cairn/specs/coordination/spec.md	coordination	accepted-implementation-unestablished	molten.coordination.trellis_predicates
cairn/specs/coordination/spec.md	coordination_services_control_plane	accepted-implementation-unestablished	molten.coordination_services_control_plane.authority_resource
cairn/specs/coordination/spec.md	coordination_services_control_plane	accepted-implementation-unestablished	molten.coordination_services_control_plane.gc_retention
cairn/specs/coordination/spec.md	coordination_services_control_plane	accepted-implementation-unestablished	molten.coordination_services_control_plane.ledger_catalog
cairn/specs/coordination/spec.md	coordination_services_control_plane	accepted-implementation-unestablished	molten.coordination_services_control_plane.lock_fencing
cairn/specs/coordination/spec.md	coordination_services_control_plane	accepted-implementation-unestablished	molten.coordination_services_control_plane.lock_tests
cairn/specs/coordination/spec.md	coordination_services_control_plane	accepted-implementation-unestablished	molten.coordination_services_control_plane.manifest
cairn/specs/coordination/spec.md	coordination_services_control_plane	accepted-implementation-unestablished	molten.coordination_services_control_plane.operation_ids
cairn/specs/coordination/spec.md	coordination_services_control_plane	accepted-implementation-unestablished	molten.coordination_services_control_plane.property_tests
cairn/specs/coordination/spec.md	coordination_services_control_plane	accepted-implementation-unestablished	molten.coordination_services_control_plane.queue_semaphore
cairn/specs/coordination/spec.md	coordination_services_control_plane	accepted-implementation-unestablished	molten.coordination_services_control_plane.queue_tests
cairn/specs/coordination/spec.md	coordination_services_control_plane	accepted-implementation-unestablished	molten.coordination_services_control_plane.rate_election_barrier
cairn/specs/coordination/spec.md	coordination_services_control_plane	accepted-implementation-unestablished	molten.coordination_services_control_plane.read_index
cairn/specs/coordination/spec.md	coordination_services_control_plane	accepted-implementation-unestablished	molten.coordination_services_control_plane.schema_constants
cairn/specs/coordination/spec.md	coordination_services_control_plane	accepted-implementation-unestablished	molten.coordination_services_control_plane.service_registry
cairn/specs/coordination/spec.md	coordination_services_control_plane	accepted-implementation-unestablished	molten.coordination_services_control_plane.service_registry_tests
cairn/specs/coordination/spec.md	coordination_services_control_plane	accepted-implementation-unestablished	molten.coordination_services_control_plane.spec.control_plane
cairn/specs/coordination/spec.md	coordination_services_control_plane	accepted-implementation-unestablished	molten.coordination_services_control_plane.spec.dataspace_reflection
cairn/specs/coordination/spec.md	coordination_services_control_plane	accepted-implementation-unestablished	molten.coordination_services_control_plane.spec.fencing
cairn/specs/coordination/spec.md	coordination_services_control_plane	accepted-implementation-unestablished	molten.coordination_services_control_plane.status_assertions
cairn/specs/delivery/spec.md	dataspace_delivery_idempotency	accepted-implementation-unestablished	molten.dataspace_delivery_idempotency.spec.before_commit
cairn/specs/delivery/spec.md	dataspace_delivery_idempotency	accepted-implementation-unestablished	molten.dataspace_delivery_idempotency.spec.operation_identity
cairn/specs/delivery/spec.md	dataspace_delivery_idempotency	accepted-implementation-unestablished	molten.dataspace_delivery_idempotency.spec.retention
cairn/specs/delivery/spec.md	delivery	accepted-implementation-unestablished	molten.delivery.choreography
cairn/specs/delivery/spec.md	delivery	accepted-implementation-unestablished	molten.delivery.classes
cairn/specs/delivery/spec.md	delivery	accepted-implementation-unestablished	molten.delivery.conflict_detection
cairn/specs/delivery/spec.md	delivery	accepted-implementation-unestablished	molten.delivery.dataspace_effects
cairn/specs/delivery/spec.md	delivery	accepted-implementation-unestablished	molten.delivery.dedup_ledger
cairn/specs/delivery/spec.md	delivery	accepted-implementation-unestablished	molten.delivery.duplicate_tests
cairn/specs/delivery/spec.md	delivery	accepted-implementation-unestablished	molten.delivery.no_exact_once_claim
cairn/specs/delivery/spec.md	delivery	accepted-implementation-unestablished	molten.delivery.operation_identity
cairn/specs/delivery/spec.md	delivery	accepted-implementation-unestablished	molten.delivery.property_tests
cairn/specs/delivery/spec.md	delivery	accepted-implementation-unestablished	molten.delivery.receipt_model
cairn/specs/delivery/spec.md	delivery	accepted-implementation-unestablished	molten.delivery.remote_jobs_upgrades
cairn/specs/delivery/spec.md	delivery	accepted-implementation-unestablished	molten.delivery.replay_window_tests
cairn/specs/delivery/spec.md	delivery	accepted-implementation-unestablished	molten.delivery.retry_schedule
cairn/specs/delivery/spec.md	delivery	accepted-implementation-unestablished	molten.delivery.sequence_windows
cairn/specs/delivery/spec.md	delivery	accepted-implementation-unestablished	molten.delivery.storage_mutations
cairn/specs/delivery/spec.md	delivery	accepted-implementation-unestablished	molten.delivery.timeout_tests
cairn/specs/delivery/spec.md	delivery_idempotency_ux	accepted-implementation-unestablished	molten.delivery_idempotency_ux.spec.cli_check_receipts
cairn/specs/delivery/spec.md	delivery_idempotency_ux	accepted-implementation-unestablished	molten.delivery_idempotency_ux.spec.cli_scope_operation
cairn/specs/delivery/spec.md	delivery_idempotency_ux	accepted-implementation-unestablished	molten.delivery_idempotency_ux.spec.evidence_only
cairn/specs/evaluation-cache/spec.md	eval_cache	accepted-implementation-unestablished	molten.eval_cache.admission_freshness
cairn/specs/evaluation-cache/spec.md	eval_cache	accepted-implementation-unestablished	molten.eval_cache.choreography_projection
cairn/specs/evaluation-cache/spec.md	eval_cache	accepted-implementation-unestablished	molten.eval_cache.determinism_tiers
cairn/specs/evaluation-cache/spec.md	eval_cache	accepted-implementation-unestablished	molten.eval_cache.hit_miss_tests
cairn/specs/evaluation-cache/spec.md	eval_cache	accepted-implementation-unestablished	molten.eval_cache.key_model
cairn/specs/evaluation-cache/spec.md	eval_cache	accepted-implementation-unestablished	molten.eval_cache.negative_hit_denial
cairn/specs/evaluation-cache/spec.md	eval_cache	accepted-implementation-unestablished	molten.eval_cache.negative_results
cairn/specs/evaluation-cache/spec.md	eval_cache	accepted-implementation-unestablished	molten.eval_cache.no_name_keys
cairn/specs/evaluation-cache/spec.md	eval_cache	accepted-implementation-unestablished	molten.eval_cache.policy_aware_keys
cairn/specs/evaluation-cache/spec.md	eval_cache	accepted-implementation-unestablished	molten.eval_cache.policy_current
cairn/specs/evaluation-cache/spec.md	eval_cache	accepted-implementation-unestablished	molten.eval_cache.policy_revalidation_tests
cairn/specs/evaluation-cache/spec.md	eval_cache	accepted-implementation-unestablished	molten.eval_cache.profile_compatibility
cairn/specs/evaluation-cache/spec.md	eval_cache	accepted-implementation-unestablished	molten.eval_cache.property_tests
cairn/specs/evaluation-cache/spec.md	eval_cache	accepted-implementation-unestablished	molten.eval_cache.receipts
cairn/specs/evaluation-cache/spec.md	eval_cache	accepted-implementation-unestablished	molten.eval_cache.redb_store
cairn/specs/evaluation-cache/spec.md	eval_cache	accepted-implementation-unestablished	molten.eval_cache.schema_validation
cairn/specs/evaluation-cache/spec.md	eval_cache	accepted-implementation-unestablished	molten.eval_cache.simulated_handler_tests
cairn/specs/evaluation-cache/spec.md	eval_cache	accepted-implementation-unestablished	molten.eval_cache.transcript_results
cairn/specs/evaluation-cache/spec.md	eval_cache	accepted-implementation-unestablished	molten.eval_cache.value_model
cairn/specs/evaluation-cache/spec.md	eval_cache	accepted-implementation-unestablished	molten.eval_cache.wasm_inspection
cairn/specs/evidence-gates/spec.md	evidence	accepted-implementation-unestablished	molten.evidence.basalt_ucan.authority_receipt_binding
cairn/specs/evidence-gates/spec.md	evidence	accepted-implementation-unestablished	molten.evidence.basalt_ucan.replay_evidence_only
cairn/specs/evidence-gates/spec.md	evidence	accepted-implementation-unestablished	molten.evidence.chain_hashing.gate_receipts
cairn/specs/evidence-gates/spec.md	evidence	accepted-implementation-unestablished	molten.evidence.chain_hashing.gate_receipts.anchor_required
cairn/specs/evidence-gates/spec.md	evidence	accepted-implementation-unestablished	molten.evidence.chain_hashing.gate_receipts.stale_head
cairn/specs/evidence-gates/spec.md	evidence	accepted-implementation-unestablished	molten.evidence.chain_hashing.genesis_append
cairn/specs/evidence-gates/spec.md	evidence	accepted-implementation-unestablished	molten.evidence.chain_hashing.genesis_append.gap
cairn/specs/evidence-gates/spec.md	evidence	accepted-implementation-unestablished	molten.evidence.chain_hashing.genesis_append.genesis
cairn/specs/evidence-gates/spec.md	evidence	accepted-implementation-unestablished	molten.evidence.chain_hashing.genesis_append.previous
cairn/specs/evidence-gates/spec.md	evidence	accepted-implementation-unestablished	molten.evidence.chain_hashing.link_identity.stable
cairn/specs/evidence-gates/spec.md	evidence	accepted-implementation-unestablished	molten.evidence.chain_hashing.link_model
cairn/specs/evidence-gates/spec.md	evidence	accepted-implementation-unestablished	molten.evidence.chain_hashing.link_model.preserve_payload
cairn/specs/evidence-gates/spec.md	evidence	accepted-implementation-unestablished	molten.evidence.chain_hashing.no_global_chain
cairn/specs/evidence-gates/spec.md	evidence	accepted-implementation-unestablished	molten.evidence.chain_hashing.no_global_chain.concurrent_turns
cairn/specs/evidence-gates/spec.md	evidence	accepted-implementation-unestablished	molten.evidence.chain_hashing.trellis_append_predicates
cairn/specs/evidence-gates/spec.md	evidence	accepted-implementation-unestablished	molten.evidence.chain_hashing.trellis_append_predicates.append
cairn/specs/evidence-gates/spec.md	evidence	accepted-implementation-unestablished	molten.evidence.chain_hashing.trellis_append_predicates.no_fork
cairn/specs/evidence-gates/spec.md	evidence	accepted-implementation-unestablished	molten.evidence.chain_hashing.verify_receipts
cairn/specs/evidence-gates/spec.md	evidence	accepted-implementation-unestablished	molten.evidence.chain_hashing.verify_receipts.fork
cairn/specs/evidence-gates/spec.md	evidence	accepted-implementation-unestablished	molten.evidence.chain_hashing.verify_receipts.fork_diagnostic
cairn/specs/evidence-gates/spec.md	evidence	accepted-implementation-unestablished	molten.evidence.chain_hashing.verify_receipts.prev_tamper
cairn/specs/evidence-gates/spec.md	evidence	accepted-implementation-unestablished	molten.evidence.contract_export_drift.local_deterministic_gate
cairn/specs/evidence-gates/spec.md	evidence	accepted-implementation-unestablished	molten.evidence.contract_export_drift.source_export_rust_alignment
cairn/specs/evidence-gates/spec.md	evidence	accepted-implementation-unestablished	molten.evidence.contract_exports.evidence_only_metadata
cairn/specs/evidence-gates/spec.md	evidence	accepted-implementation-unestablished	molten.evidence.contract_exports.metadata_envelope
cairn/specs/evidence-gates/spec.md	evidence	accepted-implementation-unestablished	molten.evidence.executor_resource_gate_receipts.aggregate_ref
cairn/specs/evidence-gates/spec.md	evidence	accepted-implementation-unestablished	molten.evidence.executor_resource_gate_receipts.checks
cairn/specs/evidence-gates/spec.md	evidence	accepted-implementation-unestablished	molten.evidence.executor_resource_gate_receipts.validation
cairn/specs/evidence-gates/spec.md	evidence	accepted-implementation-unestablished	molten.evidence.layered_proof.contract
cairn/specs/evidence-gates/spec.md	evidence	accepted-implementation-unestablished	molten.evidence.layered_proof.cross_layer_boundary
cairn/specs/evidence-gates/spec.md	evidence	accepted-implementation-unestablished	molten.evidence.layered_proof.docs
cairn/specs/evidence-gates/spec.md	evidence	accepted-implementation-unestablished	molten.evidence.layered_proof.gate_receipts
cairn/specs/evidence-gates/spec.md	evidence	accepted-implementation-unestablished	molten.evidence.layered_proof.hegel_properties
cairn/specs/evidence-gates/spec.md	evidence	accepted-implementation-unestablished	molten.evidence.layered_proof.operator_readbacks
cairn/specs/evidence-gates/spec.md	evidence	accepted-implementation-unestablished	molten.evidence.layered_proof.pure_core_receipts
cairn/specs/evidence-gates/spec.md	evidence	accepted-implementation-unestablished	molten.evidence.layered_proof.release_receipts
cairn/specs/evidence-gates/spec.md	evidence	accepted-implementation-unestablished	molten.evidence.layered_proof.replay_receipts
cairn/specs/evidence-gates/spec.md	evidence	accepted-implementation-unestablished	molten.evidence.proof_deny_matrix.catalog
cairn/specs/evidence-gates/spec.md	evidence	accepted-implementation-unestablished	molten.evidence.proof_deny_matrix.diagnostic_only
cairn/specs/evidence-gates/spec.md	evidence	accepted-implementation-unestablished	molten.evidence.proof_deny_matrix.docs
cairn/specs/evidence-gates/spec.md	evidence	accepted-implementation-unestablished	molten.evidence.proof_deny_matrix.fail_closed_fixtures
cairn/specs/evidence-gates/spec.md	evidence	accepted-implementation-unestablished	molten.evidence.proof_deny_matrix.hegel_properties
cairn/specs/evidence-gates/spec.md	evidence	accepted-implementation-unestablished	molten.evidence.proof_deny_matrix.no_mutation_evidence
cairn/specs/evidence-gates/spec.md	evidence	accepted-implementation-unestablished	molten.evidence.proof_deny_matrix.schema_tamper_cases
cairn/specs/evidence-gates/spec.md	evidence	accepted-implementation-unestablished	molten.evidence.proof_deny_matrix.signature_tamper_cases
cairn/specs/evidence-gates/spec.md	evidence	accepted-implementation-unestablished	molten.evidence.release_export.archive
cairn/specs/evidence-gates/spec.md	evidence	accepted-implementation-unestablished	molten.evidence.release_export.dogfood
cairn/specs/evidence-gates/spec.md	evidence	accepted-implementation-unestablished	molten.evidence.release_export.malformed_archive_denies
cairn/specs/evidence-gates/spec.md	evidence	accepted-implementation-unestablished	molten.evidence.release_export.manifest
cairn/specs/evidence-gates/spec.md	evidence	accepted-implementation-unestablished	molten.evidence.release_export.member_diagnostics
cairn/specs/evidence-gates/spec.md	evidence	accepted-implementation-unestablished	molten.evidence.release_export.verify
cairn/specs/evidence-gates/spec.md	evidence	accepted-implementation-unestablished	molten.evidence.release_promotion.bundle
cairn/specs/evidence-gates/spec.md	evidence	accepted-implementation-unestablished	molten.evidence.release_promotion.cli
cairn/specs/evidence-gates/spec.md	evidence	accepted-implementation-unestablished	molten.evidence.release_promotion.evidence_only
cairn/specs/evidence-gates/spec.md	evidence	accepted-implementation-unestablished	molten.evidence.release_promotion.keyring
cairn/specs/evidence-gates/spec.md	evidence	accepted-implementation-unestablished	molten.evidence.release_promotion.receipt
cairn/specs/evidence-gates/spec.md	evidence	accepted-implementation-unestablished	molten.evidence.release_promotion.signed_receipt
cairn/specs/evidence-gates/spec.md	evidence	accepted-implementation-unestablished	molten.evidence.release_promotion.signed_receipt_evidence_only
cairn/specs/evidence-gates/spec.md	evidence	accepted-implementation-unestablished	molten.evidence.release_promotion.signed_receipt_verify
cairn/specs/evidence-gates/spec.md	evidence	accepted-implementation-unestablished	molten.evidence.release_promotion.signed_subject_binding
cairn/specs/evidence-gates/spec.md	evidence	accepted-implementation-unestablished	molten.evidence.release_promotion.signed_subject_evidence_only
cairn/specs/evidence-gates/spec.md	evidence	accepted-implementation-unestablished	molten.evidence.release_promotion.source_gates
cairn/specs/evidence-gates/spec.md	evidence	accepted-implementation-unestablished	molten.evidence.release_promotion.summary_cli
cairn/specs/evidence-gates/spec.md	evidence	accepted-implementation-unestablished	molten.evidence.release_promotion.summary_deny_readback
cairn/specs/evidence-gates/spec.md	evidence	accepted-implementation-unestablished	molten.evidence.release_promotion.summary_evidence_only
cairn/specs/evidence-gates/spec.md	evidence	accepted-implementation-unestablished	molten.evidence.release_promotion.summary_record
cairn/specs/evidence-gates/spec.md	evidence	accepted-implementation-unestablished	molten.evidence.release_promotion.summary_signed_readback
cairn/specs/evidence-gates/spec.md	evidence	accepted-implementation-unestablished	molten.evidence.signed_receipts.chain
cairn/specs/evidence-gates/spec.md	evidence	accepted-implementation-unestablished	molten.evidence.signed_receipts.cli
cairn/specs/evidence-gates/spec.md	evidence	accepted-implementation-unestablished	molten.evidence.signed_receipts.envelope
cairn/specs/evidence-gates/spec.md	evidence	accepted-implementation-unestablished	molten.evidence.signed_receipts.evidence_only
cairn/specs/evidence-gates/spec.md	evidence	accepted-implementation-unestablished	molten.evidence.signed_receipts.key_fixtures
cairn/specs/evidence-gates/spec.md	evidence	accepted-implementation-unestablished	molten.evidence.signed_receipts.keyring_cli
cairn/specs/evidence-gates/spec.md	evidence	accepted-implementation-unestablished	molten.evidence.signed_receipts.keyring_evidence_only
cairn/specs/evidence-gates/spec.md	evidence	accepted-implementation-unestablished	molten.evidence.signed_receipts.keyring_records
cairn/specs/evidence-gates/spec.md	evidence	accepted-implementation-unestablished	molten.evidence.signed_receipts.keyring_release_bundle
cairn/specs/evidence-gates/spec.md	evidence	accepted-implementation-unestablished	molten.evidence.signed_receipts.keyring_verify
cairn/specs/evidence-gates/spec.md	evidence	accepted-implementation-unestablished	molten.evidence.signed_receipts.operator_receipts_cli
cairn/specs/evidence-gates/spec.md	evidence	accepted-implementation-unestablished	molten.evidence.signed_receipts.release_bundle_members
cairn/specs/evidence-gates/spec.md	evidence	accepted-implementation-unestablished	molten.evidence.signed_receipts.tests
cairn/specs/evidence-gates/spec.md	evidence	accepted-implementation-unestablished	molten.evidence.signed_receipts.verify
cairn/specs/evidence-gates/spec.md	evidence	accepted-implementation-unestablished	molten.evidence.stack_adapters.dependency_boundary
cairn/specs/evidence-gates/spec.md	evidence	accepted-implementation-unestablished	molten.evidence.stack_adapters.dependency_boundary.approved
cairn/specs/evidence-gates/spec.md	evidence	accepted-implementation-unestablished	molten.evidence.stack_adapters.dependency_boundary.leak
cairn/specs/evidence-gates/spec.md	evidence	accepted-implementation-unestablished	molten.evidence.stack_adapters.envelope
cairn/specs/evidence-gates/spec.md	evidence	accepted-implementation-unestablished	molten.evidence.stack_adapters.envelope.negative
cairn/specs/evidence-gates/spec.md	evidence	accepted-implementation-unestablished	molten.evidence.stack_adapters.envelope.positive
cairn/specs/evidence-gates/spec.md	evidence	accepted-implementation-unestablished	molten.evidence.stack_adapters.non_claims
cairn/specs/evidence-gates/spec.md	evidence	accepted-implementation-unestablished	molten.evidence.stack_adapters.non_claims.reject_overclaim
cairn/specs/evidence-gates/spec.md	evidence	accepted-implementation-unestablished	molten.evidence.stack_adapters.ports
cairn/specs/evidence-gates/spec.md	evidence	accepted-implementation-unestablished	molten.evidence.stack_adapters.ports.core
cairn/specs/evidence-gates/spec.md	evidence	accepted-implementation-unestablished	molten.evidence.stack_adapters.ports.shell
cairn/specs/evidence-gates/spec.md	evidence	accepted-implementation-unestablished	molten.evidence.stack_adapters.validation
cairn/specs/evidence-gates/spec.md	evidence	accepted-implementation-unestablished	molten.evidence.stack_adapters.validation.fixtures
cairn/specs/evidence-gates/spec.md	evidence	accepted-implementation-unestablished	molten.evidence.valence_stack_adapter.final_validation
cairn/specs/evidence-gates/spec.md	evidence	accepted-implementation-unestablished	molten.evidence.valence_stack_adapter.pure_core
cairn/specs/evidence-gates/spec.md	evidence	accepted-implementation-unestablished	molten.evidence.valence_stack_adapter.pure_core.shell
cairn/specs/evidence-gates/spec.md	modularity	accepted-implementation-unestablished	molten.modularity.layer_boundaries.evidence_policy_split
cairn/specs/evidence-gates/spec.md	modularity	accepted-implementation-unestablished	molten.modularity.layer_boundaries.ownership
cairn/specs/evidence-gates/spec.md	modularity	accepted-implementation-unestablished	molten.modularity.layer_boundaries.runtime_adapter_split
cairn/specs/evidence-gates/spec.md	modularity	accepted-implementation-unestablished	molten.modularity.layer_boundaries.tests
cairn/specs/evidence-gates/spec.md	octet_burndown	accepted-implementation-unestablished	molten.octet_burndown.import_hygiene
cairn/specs/evidence-gates/spec.md	octet_burndown	accepted-implementation-unestablished	molten.octet_burndown.import_hygiene_finish
cairn/specs/evidence-gates/spec.md	octet_burndown	accepted-implementation-unestablished	molten.octet_burndown.module_file_count_scope_closure
cairn/specs/evidence-gates/spec.md	octet_burndown	accepted-implementation-unestablished	molten.octet_burndown.path_shape
cairn/specs/evidence-gates/spec.md	octet_burndown	accepted-implementation-unestablished	molten.octet_burndown.path_shape_finish
cairn/specs/evidence-gates/spec.md	octet_burndown	accepted-implementation-unestablished	molten.octet_burndown.safety_polish
cairn/specs/evidence-gates/spec.md	octet_burndown	accepted-implementation-unestablished	molten.octet_burndown.safety_polish_finish
cairn/specs/evidence-gates/spec.md	octet_burndown	accepted-implementation-unestablished	molten.octet_burndown.size_shape
cairn/specs/evidence-gates/spec.md	octet_burndown	accepted-implementation-unestablished	molten.octet_burndown.size_shape_finish
cairn/specs/evidence-gates/spec.md	octet_burndown	accepted-implementation-unestablished	molten.octet_burndown.source_scope_actionables
cairn/specs/evidence-gates/spec.md	octet_burndown	accepted-implementation-unestablished	molten.octet_burndown.source_scope_tooling
cairn/specs/evidence-gates/spec.md	octet_fail_closed_ci	accepted-implementation-unestablished	molten.octet_fail_closed_ci.artifact_ref_binding
cairn/specs/evidence-gates/spec.md	octet_fail_closed_ci	accepted-implementation-unestablished	molten.octet_fail_closed_ci.ci_command_shape
cairn/specs/evidence-gates/spec.md	octet_fail_closed_ci	accepted-implementation-unestablished	molten.octet_fail_closed_ci.cli_gate
cairn/specs/evidence-gates/spec.md	octet_fail_closed_ci	accepted-implementation-unestablished	molten.octet_fail_closed_ci.critical_lint_denial
cairn/specs/evidence-gates/spec.md	octet_fail_closed_ci	accepted-implementation-unestablished	molten.octet_fail_closed_ci.critical_lint_test
cairn/specs/evidence-gates/spec.md	octet_fail_closed_ci	accepted-implementation-unestablished	molten.octet_fail_closed_ci.diagnostic_output
cairn/specs/evidence-gates/spec.md	octet_fail_closed_ci	accepted-implementation-unestablished	molten.octet_fail_closed_ci.gate_policy
cairn/specs/evidence-gates/spec.md	octet_fail_closed_ci	accepted-implementation-unestablished	molten.octet_fail_closed_ci.gate_receipt
cairn/specs/evidence-gates/spec.md	octet_fail_closed_ci	accepted-implementation-unestablished	molten.octet_fail_closed_ci.ledger_classification
cairn/specs/evidence-gates/spec.md	octet_fail_closed_ci	accepted-implementation-unestablished	molten.octet_fail_closed_ci.missing_artifact_denial
cairn/specs/evidence-gates/spec.md	octet_fail_closed_ci	accepted-implementation-unestablished	molten.octet_fail_closed_ci.missing_status_test
cairn/specs/evidence-gates/spec.md	octet_fail_closed_ci	accepted-implementation-unestablished	molten.octet_fail_closed_ci.object_corpus_denial
cairn/specs/evidence-gates/spec.md	octet_fail_closed_ci	accepted-implementation-unestablished	molten.octet_fail_closed_ci.receipt_binding_test
cairn/specs/evidence-gates/spec.md	octet_fail_closed_ci	accepted-implementation-unestablished	molten.octet_fail_closed_ci.release_admission_binding
cairn/specs/evidence-gates/spec.md	octet_fail_closed_ci	accepted-implementation-unestablished	molten.octet_fail_closed_ci.status_semantics
cairn/specs/evidence-gates/spec.md	octet_fail_closed_ci	accepted-implementation-unestablished	molten.octet_fail_closed_ci.warning_only_test
cairn/specs/evidence-gates/spec.md	octet_gates	accepted-implementation-unestablished	molten.octet_gates.adapter_boundary_gate
cairn/specs/evidence-gates/spec.md	octet_gates	accepted-implementation-unestablished	molten.octet_gates.adapter_boundary_tests
cairn/specs/evidence-gates/spec.md	octet_gates	accepted-implementation-unestablished	molten.octet_gates.adapter_conformance_trigger
cairn/specs/evidence-gates/spec.md	octet_gates	accepted-implementation-unestablished	molten.octet_gates.authority_typing_gate
cairn/specs/evidence-gates/spec.md	octet_gates	accepted-implementation-unestablished	molten.octet_gates.authority_typing_tests
cairn/specs/evidence-gates/spec.md	octet_gates	accepted-implementation-unestablished	molten.octet_gates.canonical_gate_refs
cairn/specs/evidence-gates/spec.md	octet_gates	accepted-implementation-unestablished	molten.octet_gates.ci_command_shape
cairn/specs/evidence-gates/spec.md	octet_gates	accepted-implementation-unestablished	molten.octet_gates.core_purity_gate
cairn/specs/evidence-gates/spec.md	octet_gates	accepted-implementation-unestablished	molten.octet_gates.core_purity_tests
cairn/specs/evidence-gates/spec.md	octet_gates	accepted-implementation-unestablished	molten.octet_gates.effect_manifest_linkage
cairn/specs/evidence-gates/spec.md	octet_gates	accepted-implementation-unestablished	molten.octet_gates.evidence_artifacts
cairn/specs/evidence-gates/spec.md	octet_gates	accepted-implementation-unestablished	molten.octet_gates.fail_closed_caveats
cairn/specs/evidence-gates/spec.md	octet_gates	accepted-implementation-unestablished	molten.octet_gates.fingerprint_drift_gate
cairn/specs/evidence-gates/spec.md	octet_gates	accepted-implementation-unestablished	molten.octet_gates.fingerprint_drift_tests
cairn/specs/evidence-gates/spec.md	octet_gates	accepted-implementation-unestablished	molten.octet_gates.harness_backdoor_gate
cairn/specs/evidence-gates/spec.md	octet_gates	accepted-implementation-unestablished	molten.octet_gates.harness_backdoor_tests
cairn/specs/evidence-gates/spec.md	octet_gates	accepted-implementation-unestablished	molten.octet_gates.production_test_separation
cairn/specs/evidence-gates/spec.md	octet_gates	accepted-implementation-unestablished	molten.octet_gates.reference_boundary
cairn/specs/evidence-gates/spec.md	octet_gates	accepted-implementation-unestablished	molten.octet_gates.resource_shape_gate
cairn/specs/evidence-gates/spec.md	octet_gates	accepted-implementation-unestablished	molten.octet_gates.review_receipt_linkage
cairn/specs/evidence-gates/spec.md	octet_gates	accepted-implementation-unestablished	molten.octet_gates.secret_rendering_gate
cairn/specs/evidence-gates/spec.md	octet_gates	accepted-implementation-unestablished	molten.octet_gates.source_gate_scope_coverage
cairn/specs/evidence-gates/spec.md	octet_gates	accepted-implementation-unestablished	molten.octet_gates.source_surface_markers
cairn/specs/evidence-gates/spec.md	octet_gates	accepted-implementation-unestablished	molten.octet_gates.testing_harness_gate
cairn/specs/evidence-gates/spec.md	octet_source_gate_receipt_validation	accepted-implementation-unestablished	molten.octet_source_gate_receipt_validation.spec.consumer_binding
cairn/specs/evidence-gates/spec.md	octet_source_gate_receipt_validation	accepted-implementation-unestablished	molten.octet_source_gate_receipt_validation.spec.content_validation
cairn/specs/evidence-gates/spec.md	octet_source_gate_receipt_validation	accepted-implementation-unestablished	molten.octet_source_gate_receipt_validation.spec.current_strict_scope
cairn/specs/evidence-gates/spec.md	octet_source_gate_receipt_validation	accepted-implementation-unestablished	molten.octet_source_gate_receipt_validation.spec.tamper_denial
cairn/specs/evidence-gates/spec.md	octet_source_remediated_zero	accepted-implementation-unestablished	molten.octet_source_remediated_zero.categorized_followups
cairn/specs/evidence-gates/spec.md	octet_source_remediated_zero	accepted-implementation-unestablished	molten.octet_source_remediated_zero.cli_octet_shell_split
cairn/specs/evidence-gates/spec.md	octet_source_remediated_zero	accepted-implementation-unestablished	molten.octet_source_remediated_zero.disabled_lint_burndown
cairn/specs/evidence-gates/spec.md	octet_source_remediated_zero	accepted-implementation-unestablished	molten.octet_source_remediated_zero.evidence_refresh
cairn/specs/evidence-gates/spec.md	octet_source_remediated_zero	accepted-implementation-unestablished	molten.octet_source_remediated_zero.no_cli_semantic_drift
cairn/specs/evidence-gates/spec.md	octet_tigerstyle_remediation	accepted-implementation-unestablished	molten.octet_tigerstyle_remediation.assertion_density
cairn/specs/evidence-gates/spec.md	octet_tigerstyle_remediation	accepted-implementation-unestablished	molten.octet_tigerstyle_remediation.baseline_metrics
cairn/specs/evidence-gates/spec.md	octet_tigerstyle_remediation	accepted-implementation-unestablished	molten.octet_tigerstyle_remediation.builder_input_structs
cairn/specs/evidence-gates/spec.md	octet_tigerstyle_remediation	accepted-implementation-unestablished	molten.octet_tigerstyle_remediation.cairn_task_drain
cairn/specs/evidence-gates/spec.md	octet_tigerstyle_remediation	accepted-implementation-unestablished	molten.octet_tigerstyle_remediation.cli_shell_split
cairn/specs/evidence-gates/spec.md	octet_tigerstyle_remediation	accepted-implementation-unestablished	molten.octet_tigerstyle_remediation.collection_bounds
cairn/specs/evidence-gates/spec.md	octet_tigerstyle_remediation	accepted-implementation-unestablished	molten.octet_tigerstyle_remediation.critical_surface_inventory
cairn/specs/evidence-gates/spec.md	octet_tigerstyle_remediation	accepted-implementation-unestablished	molten.octet_tigerstyle_remediation.focused_octet_runs
cairn/specs/evidence-gates/spec.md	octet_tigerstyle_remediation	accepted-implementation-unestablished	molten.octet_tigerstyle_remediation.job_dag_split
cairn/specs/evidence-gates/spec.md	octet_tigerstyle_remediation	accepted-implementation-unestablished	molten.octet_tigerstyle_remediation.no_ambient_clock
cairn/specs/evidence-gates/spec.md	octet_tigerstyle_remediation	accepted-implementation-unestablished	molten.octet_tigerstyle_remediation.no_panic_unwrap
cairn/specs/evidence-gates/spec.md	octet_tigerstyle_remediation	accepted-implementation-unestablished	molten.octet_tigerstyle_remediation.no_regression_tests
cairn/specs/evidence-gates/spec.md	octet_tigerstyle_remediation	accepted-implementation-unestablished	molten.octet_tigerstyle_remediation.no_sentinel_fallbacks
cairn/specs/evidence-gates/spec.md	octet_tigerstyle_remediation	accepted-implementation-unestablished	molten.octet_tigerstyle_remediation.no_suppression_policy
cairn/specs/evidence-gates/spec.md	octet_tigerstyle_remediation	accepted-implementation-unestablished	molten.octet_tigerstyle_remediation.no_unbounded_loops
cairn/specs/evidence-gates/spec.md	octet_tigerstyle_remediation	accepted-implementation-unestablished	molten.octet_tigerstyle_remediation.node_runtime_shape
cairn/specs/evidence-gates/spec.md	octet_tigerstyle_remediation	accepted-implementation-unestablished	molten.octet_tigerstyle_remediation.object_corpus_refresh
cairn/specs/evidence-gates/spec.md	octet_tigerstyle_remediation	accepted-implementation-unestablished	molten.octet_tigerstyle_remediation.priority_order
cairn/specs/evidence-gates/spec.md	octet_tigerstyle_remediation	accepted-implementation-unestablished	molten.octet_tigerstyle_remediation.strict_profile_dry_run
cairn/specs/evidence-gates/spec.md	octet_tigerstyle_remediation	accepted-implementation-unestablished	molten.octet_tigerstyle_remediation.typed_ref_boundaries
cairn/specs/evidence-gates/spec.md	octet_warning_quarantine	accepted-implementation-unestablished	molten.octet_warning_quarantine.spec.baseline_artifact
cairn/specs/evidence-gates/spec.md	octet_warning_quarantine	accepted-implementation-unestablished	molten.octet_warning_quarantine.spec.critical_review
cairn/specs/evidence-gates/spec.md	octet_warning_quarantine	accepted-implementation-unestablished	molten.octet_warning_quarantine.spec.expiry_and_shrink
cairn/specs/evidence-gates/spec.md	octet_warning_quarantine	accepted-implementation-unestablished	molten.octet_warning_quarantine.spec.no_new_findings
cairn/specs/evidence-gates/spec.md	octet_warning_quarantine	accepted-implementation-unestablished	molten.octet_warning_quarantine.spec.strict_separation
cairn/specs/evidence-gates/spec.md	prod_security	accepted-implementation-unestablished	molten.prod_security.boundary_fuzzing
cairn/specs/evidence-gates/spec.md	prod_security	accepted-implementation-unestablished	molten.prod_security.incident_response_drill
cairn/specs/evidence-gates/spec.md	prod_security	accepted-implementation-unestablished	molten.prod_security.key_and_revocation_drills
cairn/specs/evidence-gates/spec.md	prod_security	accepted-implementation-unestablished	molten.prod_security.secrets_redaction_audit
cairn/specs/evidence-gates/spec.md	prod_security	accepted-implementation-unestablished	molten.prod_security.supply_chain_review
cairn/specs/evidence-gates/spec.md	prod_security	accepted-implementation-unestablished	molten.prod_security.threat_model
cairn/specs/evidence-gates/spec.md	retention	accepted-implementation-unestablished	molten.retention.modularity.boundaries
cairn/specs/evidence-gates/spec.md	retention	accepted-implementation-unestablished	molten.retention.modularity.destructive_plan
cairn/specs/evidence-gates/spec.md	retention	accepted-implementation-unestablished	molten.retention.modularity.store_shell
cairn/specs/evidence-gates/spec.md	retention	accepted-implementation-unestablished	molten.retention.modularity.tests
cairn/specs/explicit-effect-handle-scoping/spec.md	effects	accepted-implementation-unestablished	molten.effects.adapter_integration
cairn/specs/explicit-effect-handle-scoping/spec.md	effects	accepted-implementation-unestablished	molten.effects.compound_handler_profiles
cairn/specs/explicit-effect-handle-scoping/spec.md	effects	accepted-implementation-unestablished	molten.effects.dynamic_operation_records
cairn/specs/explicit-effect-handle-scoping/spec.md	effects	accepted-implementation-unestablished	molten.effects.handle_attenuation
cairn/specs/explicit-effect-handle-scoping/spec.md	effects	accepted-implementation-unestablished	molten.effects.handle_cleanup_gc
cairn/specs/explicit-effect-handle-scoping/spec.md	effects	accepted-implementation-unestablished	molten.effects.handle_not_authority
cairn/specs/explicit-effect-handle-scoping/spec.md	effects	accepted-implementation-unestablished	molten.effects.handle_replay_identity
cairn/specs/explicit-effect-handle-scoping/spec.md	effects	accepted-implementation-unestablished	molten.effects.handle_schema
cairn/specs/explicit-effect-handle-scoping/spec.md	effects	accepted-implementation-unestablished	molten.effects.handle_scope_property_tests
cairn/specs/explicit-effect-handle-scoping/spec.md	effects	accepted-implementation-unestablished	molten.effects.handler_binding_schema
cairn/specs/explicit-effect-handle-scoping/spec.md	effects	accepted-implementation-unestablished	molten.effects.hostcall_boundary_integration
cairn/specs/explicit-effect-handle-scoping/spec.md	effects	accepted-implementation-unestablished	molten.effects.introduction_before_use
cairn/specs/explicit-effect-handle-scoping/spec.md	effects	accepted-implementation-unestablished	molten.effects.local_only_default
cairn/specs/explicit-effect-handle-scoping/spec.md	effects	accepted-implementation-unestablished	molten.effects.negative_security_tests
cairn/specs/explicit-effect-handle-scoping/spec.md	effects	accepted-implementation-unestablished	molten.effects.operation_authorization_binding
cairn/specs/explicit-effect-handle-scoping/spec.md	effects	accepted-implementation-unestablished	molten.effects.reference_boundary
cairn/specs/explicit-effect-handle-scoping/spec.md	effects	accepted-implementation-unestablished	molten.effects.remote_proxy_handles
cairn/specs/explicit-effect-handle-scoping/spec.md	effects	accepted-implementation-unestablished	molten.effects.request_handle_ref
cairn/specs/explicit-effect-handle-scoping/spec.md	effects	accepted-implementation-unestablished	molten.effects.same_kind_disambiguation
cairn/specs/explicit-effect-handle-scoping/spec.md	effects	accepted-implementation-unestablished	molten.effects.scope_lifetime_validation
cairn/specs/federated-pull-sync/spec.md	eventual_surface	accepted-implementation-unestablished	molten.eventual_surface.anti_entropy_status
cairn/specs/federated-pull-sync/spec.md	eventual_surface	accepted-implementation-unestablished	molten.eventual_surface.remote_sync_boundary
cairn/specs/federated-pull-sync/spec.md	eventual_surface	accepted-implementation-unestablished	molten.eventual_surface.validation
cairn/specs/federated-pull-sync/spec.md	federation	accepted-implementation-unestablished	molten.federation.announcement_model
cairn/specs/federated-pull-sync/spec.md	federation	accepted-implementation-unestablished	molten.federation.dataspace_status
cairn/specs/federated-pull-sync/spec.md	federation	accepted-implementation-unestablished	molten.federation.loopback_tests
cairn/specs/federated-pull-sync/spec.md	federation	accepted-implementation-unestablished	molten.federation.no_global_consistency
cairn/specs/federated-pull-sync/spec.md	federation	accepted-implementation-unestablished	molten.federation.property_tests
cairn/specs/federated-pull-sync/spec.md	federation	accepted-implementation-unestablished	molten.federation.pull_workflow
cairn/specs/federated-pull-sync/spec.md	federation	accepted-implementation-unestablished	molten.federation.rate_limits
cairn/specs/federated-pull-sync/spec.md	federation	accepted-implementation-unestablished	molten.federation.receipts
cairn/specs/federated-pull-sync/spec.md	federation	accepted-implementation-unestablished	molten.federation.remote_sync_chunk_store
cairn/specs/federated-pull-sync/spec.md	federation	accepted-implementation-unestablished	molten.federation.resource_types
cairn/specs/federated-pull-sync/spec.md	federation	accepted-implementation-unestablished	molten.federation.static_discovery
cairn/specs/federated-pull-sync/spec.md	federation	accepted-implementation-unestablished	molten.federation.verification_layers
cairn/specs/federated-pull-sync/spec.md	iroh_discovery	accepted-implementation-unestablished	molten.iroh_discovery.hint_only_boundary
cairn/specs/federated-pull-sync/spec.md	iroh_discovery	accepted-implementation-unestablished	molten.iroh_discovery.locator_readback
cairn/specs/federated-pull-sync/spec.md	iroh_discovery	accepted-implementation-unestablished	molten.iroh_discovery.locator_records
cairn/specs/federated-pull-sync/spec.md	iroh_discovery	accepted-implementation-unestablished	molten.iroh_discovery.pkarr_optional_locator
cairn/specs/federated-pull-sync/spec.md	peer_subscriber	accepted-implementation-unestablished	molten.peer_subscriber.federation_readonly
cairn/specs/job-dag/spec.md	job_dag	accepted-implementation-unestablished	molten.job_dag.basic_tests
cairn/specs/job-dag/spec.md	job_dag	accepted-implementation-unestablished	molten.job_dag.canonical_hashing
cairn/specs/job-dag/spec.md	job_dag	accepted-implementation-unestablished	molten.job_dag.chaos_profile
cairn/specs/job-dag/spec.md	job_dag	accepted-implementation-unestablished	molten.job_dag.eval_cache_integration
cairn/specs/job-dag/spec.md	job_dag	accepted-implementation-unestablished	molten.job_dag.fusion
cairn/specs/job-dag/spec.md	job_dag	accepted-implementation-unestablished	molten.job_dag.local_executor
cairn/specs/job-dag/spec.md	job_dag	accepted-implementation-unestablished	molten.job_dag.memo_keys
cairn/specs/job-dag/spec.md	job_dag	accepted-implementation-unestablished	molten.job_dag.memo_receipts
cairn/specs/job-dag/spec.md	job_dag	accepted-implementation-unestablished	molten.job_dag.model
cairn/specs/job-dag/spec.md	job_dag	accepted-implementation-unestablished	molten.job_dag.modularity.boundaries
cairn/specs/job-dag/spec.md	job_dag	accepted-implementation-unestablished	molten.job_dag.modularity.execution_trust
cairn/specs/job-dag/spec.md	job_dag	accepted-implementation-unestablished	molten.job_dag.modularity.pure_plans
cairn/specs/job-dag/spec.md	job_dag	accepted-implementation-unestablished	molten.job_dag.modularity.tests
cairn/specs/job-dag/spec.md	job_dag	accepted-implementation-unestablished	molten.job_dag.no_mobile_closures
cairn/specs/job-dag/spec.md	job_dag	accepted-implementation-unestablished	molten.job_dag.planner
cairn/specs/job-dag/spec.md	job_dag	accepted-implementation-unestablished	molten.job_dag.profiling_profile
cairn/specs/job-dag/spec.md	job_dag	accepted-implementation-unestablished	molten.job_dag.property_tests
cairn/specs/job-dag/spec.md	job_dag	accepted-implementation-unestablished	molten.job_dag.remote_admission
cairn/specs/job-dag/spec.md	job_dag	accepted-implementation-unestablished	molten.job_dag.remote_sync
cairn/specs/job-dag/spec.md	job_dag	accepted-implementation-unestablished	molten.job_dag.stage_kinds
cairn/specs/job-dag/spec.md	job_dag_iroh_worker_cli_ux	accepted-implementation-unestablished	molten.job_dag_iroh_worker_cli_ux.cli_tests
cairn/specs/job-dag/spec.md	job_dag_iroh_worker_cli_ux	accepted-implementation-unestablished	molten.job_dag_iroh_worker_cli_ux.docs
cairn/specs/job-dag/spec.md	job_dag_iroh_worker_cli_ux	accepted-implementation-unestablished	molten.job_dag_iroh_worker_cli_ux.ledger_import
cairn/specs/job-dag/spec.md	job_dag_iroh_worker_cli_ux	accepted-implementation-unestablished	molten.job_dag_iroh_worker_cli_ux.local_gossip_run
cairn/specs/job-dag/spec.md	job_dag_iroh_worker_cli_ux	accepted-implementation-unestablished	molten.job_dag_iroh_worker_cli_ux.target_roots
cairn/specs/job-dag/spec.md	job_dag_iroh_worker_cli_ux	accepted-implementation-unestablished	molten.job_dag_iroh_worker_cli_ux.worker_request_cli
cairn/specs/job-dag/spec.md	job_dag_iroh_worker_cli_ux	accepted-implementation-unestablished	molten.job_dag_iroh_worker_cli_ux.worker_summary
cairn/specs/job-dag/spec.md	job_worker_coordination_scheduling_ux	accepted-implementation-unestablished	molten.job_worker_coordination_scheduling_ux.cli_tests
cairn/specs/job-dag/spec.md	job_worker_coordination_scheduling_ux	accepted-implementation-unestablished	molten.job_worker_coordination_scheduling_ux.docs
cairn/specs/job-dag/spec.md	job_worker_coordination_scheduling_ux	accepted-implementation-unestablished	molten.job_worker_coordination_scheduling_ux.lease_gate
cairn/specs/job-dag/spec.md	job_worker_coordination_scheduling_ux	accepted-implementation-unestablished	molten.job_worker_coordination_scheduling_ux.queue_admission
cairn/specs/job-dag/spec.md	job_worker_coordination_scheduling_ux	accepted-implementation-unestablished	molten.job_worker_coordination_scheduling_ux.schedule_receipt
cairn/specs/job-dag/spec.md	job_worker_coordination_scheduling_ux	accepted-implementation-unestablished	molten.job_worker_coordination_scheduling_ux.scheduled_local_run
cairn/specs/job-dag/spec.md	job_worker_coordination_scheduling_ux	accepted-implementation-unestablished	molten.job_worker_coordination_scheduling_ux.status_summary
cairn/specs/local-artifact-catalog/spec.md	local_catalog	accepted-implementation-unestablished	molten.local_catalog.cli_list_view
cairn/specs/local-artifact-catalog/spec.md	local_catalog	accepted-implementation-unestablished	molten.local_catalog.cli_redaction
cairn/specs/local-artifact-catalog/spec.md	local_catalog	accepted-implementation-unestablished	molten.local_catalog.cli_search_graph
cairn/specs/local-artifact-catalog/spec.md	local_catalog	accepted-implementation-unestablished	molten.local_catalog.dependency_views
cairn/specs/local-artifact-catalog/spec.md	local_catalog	accepted-implementation-unestablished	molten.local_catalog.ledger_classifications
cairn/specs/local-artifact-catalog/spec.md	local_catalog	accepted-implementation-unestablished	molten.local_catalog.no_name_identity
cairn/specs/local-artifact-catalog/spec.md	local_catalog	accepted-implementation-unestablished	molten.local_catalog.property_tests
cairn/specs/local-artifact-catalog/spec.md	local_catalog	accepted-implementation-unestablished	molten.local_catalog.query_result_dto
cairn/specs/local-artifact-catalog/spec.md	local_catalog	accepted-implementation-unestablished	molten.local_catalog.query_traces
cairn/specs/local-artifact-catalog/spec.md	local_catalog	accepted-implementation-unestablished	molten.local_catalog.redacted_rendering
cairn/specs/local-artifact-catalog/spec.md	local_catalog	accepted-implementation-unestablished	molten.local_catalog.registry_summaries
cairn/specs/local-artifact-catalog/spec.md	local_catalog	accepted-implementation-unestablished	molten.local_catalog.search_tests
cairn/specs/local-artifact-catalog/spec.md	local_catalog	accepted-implementation-unestablished	molten.local_catalog.semantic_search
cairn/specs/local-artifact-catalog/spec.md	local_catalog	accepted-implementation-unestablished	molten.local_catalog.short_id_dto
cairn/specs/local-artifact-catalog/spec.md	local_catalog	accepted-implementation-unestablished	molten.local_catalog.short_id_resolution
cairn/specs/local-artifact-catalog/spec.md	local_catalog	accepted-implementation-unestablished	molten.local_catalog.short_id_tests
cairn/specs/local-artifact-catalog/spec.md	local_catalog	accepted-implementation-unestablished	molten.local_catalog.subsystem_views
cairn/specs/local-artifact-catalog/spec.md	local_catalog	accepted-implementation-unestablished	molten.local_catalog.summary_dto
cairn/specs/local-artifact-catalog/spec.md	local_catalog	accepted-implementation-unestablished	molten.local_catalog.summary_tests
cairn/specs/local-artifact-catalog/spec.md	local_catalog	accepted-implementation-unestablished	molten.local_catalog.visibility_filter
cairn/specs/local-artifact-catalog/spec.md	local_catalog	accepted-implementation-unestablished	molten.local_catalog.visibility_tests
cairn/specs/local-artifact-registry/spec.md	artifacts	accepted-implementation-unestablished	molten.artifacts.closure_tests
cairn/specs/local-artifact-registry/spec.md	artifacts	accepted-implementation-unestablished	molten.artifacts.dependency_closure
cairn/specs/local-artifact-registry/spec.md	artifacts	accepted-implementation-unestablished	molten.artifacts.docs_transcripts
cairn/specs/local-artifact-registry/spec.md	artifacts	accepted-implementation-unestablished	molten.artifacts.domain_hashing
cairn/specs/local-artifact-registry/spec.md	artifacts	accepted-implementation-unestablished	molten.artifacts.identity_tests
cairn/specs/local-artifact-registry/spec.md	artifacts	accepted-implementation-unestablished	molten.artifacts.installation_admission
cairn/specs/local-artifact-registry/spec.md	artifacts	accepted-implementation-unestablished	molten.artifacts.installation_receipts
cairn/specs/local-artifact-registry/spec.md	artifacts	accepted-implementation-unestablished	molten.artifacts.iroh_payloads
cairn/specs/local-artifact-registry/spec.md	artifacts	accepted-implementation-unestablished	molten.artifacts.name_move_tests
cairn/specs/local-artifact-registry/spec.md	artifacts	accepted-implementation-unestablished	molten.artifacts.names_metadata
cairn/specs/local-artifact-registry/spec.md	artifacts	accepted-implementation-unestablished	molten.artifacts.no_unison_compat
cairn/specs/local-artifact-registry/spec.md	artifacts	accepted-implementation-unestablished	molten.artifacts.property_tests
cairn/specs/local-artifact-registry/spec.md	artifacts	accepted-implementation-unestablished	molten.artifacts.provenance_refs
cairn/specs/local-artifact-registry/spec.md	artifacts	accepted-implementation-unestablished	molten.artifacts.redb_index
cairn/specs/local-artifact-registry/spec.md	artifacts	accepted-implementation-unestablished	molten.artifacts.registry_model
cairn/specs/local-artifact-registry/spec.md	artifacts	accepted-implementation-unestablished	molten.artifacts.semantic_queries
cairn/specs/local-artifact-registry/spec.md	local_artifacts	accepted-implementation-unestablished	molten.local_artifacts.artifact_dto
cairn/specs/local-artifact-registry/spec.md	local_artifacts	accepted-implementation-unestablished	molten.local_artifacts.cleanup_safety_hook
cairn/specs/local-artifact-registry/spec.md	local_artifacts	accepted-implementation-unestablished	molten.local_artifacts.cli_install_view
cairn/specs/local-artifact-registry/spec.md	local_artifacts	accepted-implementation-unestablished	molten.local_artifacts.cli_names_deps_impact
cairn/specs/local-artifact-registry/spec.md	local_artifacts	accepted-implementation-unestablished	molten.local_artifacts.closure_impact_tests
cairn/specs/local-artifact-registry/spec.md	local_artifacts	accepted-implementation-unestablished	molten.local_artifacts.dependency_closure
cairn/specs/local-artifact-registry/spec.md	local_artifacts	accepted-implementation-unestablished	molten.local_artifacts.domain_hashing
cairn/specs/local-artifact-registry/spec.md	local_artifacts	accepted-implementation-unestablished	molten.local_artifacts.identity_tests
cairn/specs/local-artifact-registry/spec.md	local_artifacts	accepted-implementation-unestablished	molten.local_artifacts.index_rebuild
cairn/specs/local-artifact-registry/spec.md	local_artifacts	accepted-implementation-unestablished	molten.local_artifacts.install_receipts
cairn/specs/local-artifact-registry/spec.md	local_artifacts	accepted-implementation-unestablished	molten.local_artifacts.large_payload_refs
cairn/specs/local-artifact-registry/spec.md	local_artifacts	accepted-implementation-unestablished	molten.local_artifacts.name_move_receipts
cairn/specs/local-artifact-registry/spec.md	local_artifacts	accepted-implementation-unestablished	molten.local_artifacts.name_move_tests
cairn/specs/local-artifact-registry/spec.md	local_artifacts	accepted-implementation-unestablished	molten.local_artifacts.name_pointer_dto
cairn/specs/local-artifact-registry/spec.md	local_artifacts	accepted-implementation-unestablished	molten.local_artifacts.no_ucm_compat
cairn/specs/local-artifact-registry/spec.md	local_artifacts	accepted-implementation-unestablished	molten.local_artifacts.property_tests
cairn/specs/local-artifact-registry/spec.md	local_artifacts	accepted-implementation-unestablished	molten.local_artifacts.redb_index
cairn/specs/local-artifact-registry/spec.md	local_artifacts	accepted-implementation-unestablished	molten.local_artifacts.reverse_impact
cairn/specs/local-artifact-registry/spec.md	local_artifacts	accepted-implementation-unestablished	molten.local_artifacts.semantic_indexes
cairn/specs/local-artifact-registry/spec.md	local_artifacts	accepted-implementation-unestablished	molten.local_artifacts.upgrade_impact_hook
cairn/specs/local-catalog-mcp-readonly/spec.md	catalog_mcp	accepted-implementation-unestablished	molten.catalog_mcp.allowlist
cairn/specs/local-catalog-mcp-readonly/spec.md	catalog_mcp	accepted-implementation-unestablished	molten.catalog_mcp.argument_validation
cairn/specs/local-catalog-mcp-readonly/spec.md	catalog_mcp	accepted-implementation-unestablished	molten.catalog_mcp.catalog_core_binding
cairn/specs/local-catalog-mcp-readonly/spec.md	catalog_mcp	accepted-implementation-unestablished	molten.catalog_mcp.cli_call
cairn/specs/local-catalog-mcp-readonly/spec.md	catalog_mcp	accepted-implementation-unestablished	molten.catalog_mcp.denial_tests
cairn/specs/local-catalog-mcp-readonly/spec.md	catalog_mcp	accepted-implementation-unestablished	molten.catalog_mcp.fail_closed_mutation
cairn/specs/local-catalog-mcp-readonly/spec.md	catalog_mcp	accepted-implementation-unestablished	molten.catalog_mcp.hidden_refs
cairn/specs/local-catalog-mcp-readonly/spec.md	catalog_mcp	accepted-implementation-unestablished	molten.catalog_mcp.no_path_identity
cairn/specs/local-catalog-mcp-readonly/spec.md	catalog_mcp	accepted-implementation-unestablished	molten.catalog_mcp.policy_args
cairn/specs/local-catalog-mcp-readonly/spec.md	catalog_mcp	accepted-implementation-unestablished	molten.catalog_mcp.property_tests
cairn/specs/local-catalog-mcp-readonly/spec.md	catalog_mcp	accepted-implementation-unestablished	molten.catalog_mcp.readonly_tests
cairn/specs/local-catalog-mcp-readonly/spec.md	catalog_mcp	accepted-implementation-unestablished	molten.catalog_mcp.receipt_dto
cairn/specs/local-catalog-mcp-readonly/spec.md	catalog_mcp	accepted-implementation-unestablished	molten.catalog_mcp.redacted_default
cairn/specs/local-catalog-mcp-readonly/spec.md	catalog_mcp	accepted-implementation-unestablished	molten.catalog_mcp.request_dto
cairn/specs/local-catalog-mcp-readonly/spec.md	catalog_mcp	accepted-implementation-unestablished	molten.catalog_mcp.response_dto
cairn/specs/local-catalog-mcp-readonly/spec.md	catalog_mcp	accepted-implementation-unestablished	molten.catalog_mcp.short_id_expansion
cairn/specs/local-evaluation-cache/spec.md	local_eval_cache	accepted-implementation-unestablished	molten.local_eval_cache.artifact_closure_cache
cairn/specs/local-evaluation-cache/spec.md	local_eval_cache	accepted-implementation-unestablished	molten.local_eval_cache.cli_put_get
cairn/specs/local-evaluation-cache/spec.md	local_eval_cache	accepted-implementation-unestablished	molten.local_eval_cache.cli_status_invalidate
cairn/specs/local-evaluation-cache/spec.md	local_eval_cache	accepted-implementation-unestablished	molten.local_eval_cache.determinism_tiers
cairn/specs/local-evaluation-cache/spec.md	local_eval_cache	accepted-implementation-unestablished	molten.local_eval_cache.future_wasm_transcript_hooks
cairn/specs/local-evaluation-cache/spec.md	local_eval_cache	accepted-implementation-unestablished	molten.local_eval_cache.hit_miss_tests
cairn/specs/local-evaluation-cache/spec.md	local_eval_cache	accepted-implementation-unestablished	molten.local_eval_cache.index_rebuild
cairn/specs/local-evaluation-cache/spec.md	local_eval_cache	accepted-implementation-unestablished	molten.local_eval_cache.invalidation
cairn/specs/local-evaluation-cache/spec.md	local_eval_cache	accepted-implementation-unestablished	molten.local_eval_cache.key_dto
cairn/specs/local-evaluation-cache/spec.md	local_eval_cache	accepted-implementation-unestablished	molten.local_eval_cache.large_outputs
cairn/specs/local-evaluation-cache/spec.md	local_eval_cache	accepted-implementation-unestablished	molten.local_eval_cache.negative_results
cairn/specs/local-evaluation-cache/spec.md	local_eval_cache	accepted-implementation-unestablished	molten.local_eval_cache.no_name_keys
cairn/specs/local-evaluation-cache/spec.md	local_eval_cache	accepted-implementation-unestablished	molten.local_eval_cache.policy_current_revalidation
cairn/specs/local-evaluation-cache/spec.md	local_eval_cache	accepted-implementation-unestablished	molten.local_eval_cache.policy_trace_negative_tests
cairn/specs/local-evaluation-cache/spec.md	local_eval_cache	accepted-implementation-unestablished	molten.local_eval_cache.property_tests
cairn/specs/local-evaluation-cache/spec.md	local_eval_cache	accepted-implementation-unestablished	molten.local_eval_cache.put_get
cairn/specs/local-evaluation-cache/spec.md	local_eval_cache	accepted-implementation-unestablished	molten.local_eval_cache.receipt_dto
cairn/specs/local-evaluation-cache/spec.md	local_eval_cache	accepted-implementation-unestablished	molten.local_eval_cache.redb_index
cairn/specs/local-evaluation-cache/spec.md	local_eval_cache	accepted-implementation-unestablished	molten.local_eval_cache.rkyv_admission
cairn/specs/local-evaluation-cache/spec.md	local_eval_cache	accepted-implementation-unestablished	molten.local_eval_cache.rkyv_identity_boundary
cairn/specs/local-evaluation-cache/spec.md	local_eval_cache	accepted-implementation-unestablished	molten.local_eval_cache.rkyv_manifest
cairn/specs/local-evaluation-cache/spec.md	local_eval_cache	accepted-implementation-unestablished	molten.local_eval_cache.rkyv_negative_tests
cairn/specs/local-evaluation-cache/spec.md	local_eval_cache	accepted-implementation-unestablished	molten.local_eval_cache.rkyv_preserves_source_of_truth
cairn/specs/local-evaluation-cache/spec.md	local_eval_cache	accepted-implementation-unestablished	molten.local_eval_cache.rkyv_validation
cairn/specs/local-evaluation-cache/spec.md	local_eval_cache	accepted-implementation-unestablished	molten.local_eval_cache.schema_compat_cache
cairn/specs/local-evaluation-cache/spec.md	local_eval_cache	accepted-implementation-unestablished	molten.local_eval_cache.schema_fingerprint_cache
cairn/specs/local-evaluation-cache/spec.md	local_eval_cache	accepted-implementation-unestablished	molten.local_eval_cache.value_dto
cairn/specs/local-executable-transcripts/spec.md	local_transcripts	accepted-implementation-unestablished	molten.local_transcripts.artifact_dto
cairn/specs/local-executable-transcripts/spec.md	local_transcripts	accepted-implementation-unestablished	molten.local_transcripts.cache_hit_admission
cairn/specs/local-executable-transcripts/spec.md	local_transcripts	accepted-implementation-unestablished	molten.local_transcripts.cache_invalidation_hooks
cairn/specs/local-executable-transcripts/spec.md	local_transcripts	accepted-implementation-unestablished	molten.local_transcripts.cache_key
cairn/specs/local-executable-transcripts/spec.md	local_transcripts	accepted-implementation-unestablished	molten.local_transcripts.cache_receipts
cairn/specs/local-executable-transcripts/spec.md	local_transcripts	accepted-implementation-unestablished	molten.local_transcripts.cache_tests
cairn/specs/local-executable-transcripts/spec.md	local_transcripts	accepted-implementation-unestablished	molten.local_transcripts.canonical_source_identity
cairn/specs/local-executable-transcripts/spec.md	local_transcripts	accepted-implementation-unestablished	molten.local_transcripts.cli_failures
cairn/specs/local-executable-transcripts/spec.md	local_transcripts	accepted-implementation-unestablished	molten.local_transcripts.cli_no_path_identity
cairn/specs/local-executable-transcripts/spec.md	local_transcripts	accepted-implementation-unestablished	molten.local_transcripts.cli_parse_run
cairn/specs/local-executable-transcripts/spec.md	local_transcripts	accepted-implementation-unestablished	molten.local_transcripts.cli_show_render
cairn/specs/local-executable-transcripts/spec.md	local_transcripts	accepted-implementation-unestablished	molten.local_transcripts.effect_admission
cairn/specs/local-executable-transcripts/spec.md	local_transcripts	accepted-implementation-unestablished	molten.local_transcripts.expectation_engine
cairn/specs/local-executable-transcripts/spec.md	local_transcripts	accepted-implementation-unestablished	molten.local_transcripts.expected_error_tests
cairn/specs/local-executable-transcripts/spec.md	local_transcripts	accepted-implementation-unestablished	molten.local_transcripts.fresh_runner
cairn/specs/local-executable-transcripts/spec.md	local_transcripts	accepted-implementation-unestablished	molten.local_transcripts.hidden_evidence
cairn/specs/local-executable-transcripts/spec.md	local_transcripts	accepted-implementation-unestablished	molten.local_transcripts.ledger_classification
cairn/specs/local-executable-transcripts/spec.md	local_transcripts	accepted-implementation-unestablished	molten.local_transcripts.markdown_parser
cairn/specs/local-executable-transcripts/spec.md	local_transcripts	accepted-implementation-unestablished	molten.local_transcripts.modifier_dto
cairn/specs/local-executable-transcripts/spec.md	local_transcripts	accepted-implementation-unestablished	molten.local_transcripts.no_ucm_compat
cairn/specs/local-executable-transcripts/spec.md	local_transcripts	accepted-implementation-unestablished	molten.local_transcripts.parse_tests
cairn/specs/local-executable-transcripts/spec.md	local_transcripts	accepted-implementation-unestablished	molten.local_transcripts.parser_errors
cairn/specs/local-executable-transcripts/spec.md	local_transcripts	accepted-implementation-unestablished	molten.local_transcripts.property_tests
cairn/specs/local-executable-transcripts/spec.md	local_transcripts	accepted-implementation-unestablished	molten.local_transcripts.render_docs
cairn/specs/local-executable-transcripts/spec.md	local_transcripts	accepted-implementation-unestablished	molten.local_transcripts.render_tests
cairn/specs/local-executable-transcripts/spec.md	local_transcripts	accepted-implementation-unestablished	molten.local_transcripts.restricted_cli_dispatch
cairn/specs/local-executable-transcripts/spec.md	local_transcripts	accepted-implementation-unestablished	molten.local_transcripts.run_receipt_dto
cairn/specs/local-executable-transcripts/spec.md	local_transcripts	accepted-implementation-unestablished	molten.local_transcripts.runner_tests
cairn/specs/local-executable-transcripts/spec.md	local_transcripts	accepted-implementation-unestablished	molten.local_transcripts.saved_state
cairn/specs/local-executable-transcripts/spec.md	local_transcripts	accepted-implementation-unestablished	molten.local_transcripts.stanza_dto
cairn/specs/local-executable-transcripts/spec.md	transcripts	accepted-implementation-unestablished	molten.transcripts.artifact_model
cairn/specs/local-executable-transcripts/spec.md	transcripts	accepted-implementation-unestablished	molten.transcripts.basic_tests
cairn/specs/local-executable-transcripts/spec.md	transcripts	accepted-implementation-unestablished	molten.transcripts.canonical_expectations
cairn/specs/local-executable-transcripts/spec.md	transcripts	accepted-implementation-unestablished	molten.transcripts.canonical_receipt_oracles
cairn/specs/local-executable-transcripts/spec.md	transcripts	accepted-implementation-unestablished	molten.transcripts.diagnostic_output_non_normative
cairn/specs/local-executable-transcripts/spec.md	transcripts	accepted-implementation-unestablished	molten.transcripts.docs_render
cairn/specs/local-executable-transcripts/spec.md	transcripts	accepted-implementation-unestablished	molten.transcripts.effect_admission
cairn/specs/local-executable-transcripts/spec.md	transcripts	accepted-implementation-unestablished	molten.transcripts.eval_cache
cairn/specs/local-executable-transcripts/spec.md	transcripts	accepted-implementation-unestablished	molten.transcripts.exact_artifact_ref_expectations
cairn/specs/local-executable-transcripts/spec.md	transcripts	accepted-implementation-unestablished	molten.transcripts.expected_error_tests
cairn/specs/local-executable-transcripts/spec.md	transcripts	accepted-implementation-unestablished	molten.transcripts.fresh_runner
cairn/specs/local-executable-transcripts/spec.md	transcripts	accepted-implementation-unestablished	molten.transcripts.handler_profile_seed_binding
cairn/specs/local-executable-transcripts/spec.md	transcripts	accepted-implementation-unestablished	molten.transcripts.modifiers
cairn/specs/local-executable-transcripts/spec.md	transcripts	accepted-implementation-unestablished	molten.transcripts.no_ucm_compat
cairn/specs/local-executable-transcripts/spec.md	transcripts	accepted-implementation-unestablished	molten.transcripts.property_tests
cairn/specs/local-executable-transcripts/spec.md	transcripts	accepted-implementation-unestablished	molten.transcripts.receipt_transcript_validation
cairn/specs/local-executable-transcripts/spec.md	transcripts	accepted-implementation-unestablished	molten.transcripts.rendered_output
cairn/specs/local-executable-transcripts/spec.md	transcripts	accepted-implementation-unestablished	molten.transcripts.reproducibility_tests
cairn/specs/local-executable-transcripts/spec.md	transcripts	accepted-implementation-unestablished	molten.transcripts.run_receipts
cairn/specs/local-executable-transcripts/spec.md	transcripts	accepted-implementation-unestablished	molten.transcripts.saved_state
cairn/specs/local-executable-transcripts/spec.md	transcripts	accepted-implementation-unestablished	molten.transcripts.stanza_kinds
cairn/specs/local-schema-identity/spec.md	local_schema_identity	accepted-implementation-unestablished	molten.local_schema_identity.alias_dto
cairn/specs/local-schema-identity/spec.md	local_schema_identity	accepted-implementation-unestablished	molten.local_schema_identity.cli_alias_compat
cairn/specs/local-schema-identity/spec.md	local_schema_identity	accepted-implementation-unestablished	molten.local_schema_identity.cli_identity
cairn/specs/local-schema-identity/spec.md	local_schema_identity	accepted-implementation-unestablished	molten.local_schema_identity.cli_search
cairn/specs/local-schema-identity/spec.md	local_schema_identity	accepted-implementation-unestablished	molten.local_schema_identity.compatibility_dto
cairn/specs/local-schema-identity/spec.md	local_schema_identity	accepted-implementation-unestablished	molten.local_schema_identity.compatibility_rules
cairn/specs/local-schema-identity/spec.md	local_schema_identity	accepted-implementation-unestablished	molten.local_schema_identity.identity_dto
cairn/specs/local-schema-identity/spec.md	local_schema_identity	accepted-implementation-unestablished	molten.local_schema_identity.ledger_classification
cairn/specs/local-schema-identity/spec.md	local_schema_identity	accepted-implementation-unestablished	molten.local_schema_identity.no_unison_typechecker
cairn/specs/local-schema-identity/spec.md	local_schema_identity	accepted-implementation-unestablished	molten.local_schema_identity.property_tests
cairn/specs/local-schema-identity/spec.md	local_schema_identity	accepted-implementation-unestablished	molten.local_schema_identity.receipts
cairn/specs/local-schema-identity/spec.md	local_schema_identity	accepted-implementation-unestablished	molten.local_schema_identity.registry_indexes
cairn/specs/local-schema-identity/spec.md	local_schema_identity	accepted-implementation-unestablished	molten.local_schema_identity.registry_queries
cairn/specs/local-schema-identity/spec.md	local_schema_identity	accepted-implementation-unestablished	molten.local_schema_identity.shape_normalization
cairn/specs/local-schema-identity/spec.md	local_schema_identity	accepted-implementation-unestablished	molten.local_schema_identity.storage_loads
cairn/specs/local-schema-identity/spec.md	local_schema_identity	accepted-implementation-unestablished	molten.local_schema_identity.storage_migrations
cairn/specs/local-schema-identity/spec.md	local_schema_identity	accepted-implementation-unestablished	molten.local_schema_identity.storage_tests
cairn/specs/local-schema-identity/spec.md	local_schema_identity	accepted-implementation-unestablished	molten.local_schema_identity.structural_fingerprint
cairn/specs/local-schema-identity/spec.md	local_schema_identity	accepted-implementation-unestablished	molten.local_schema_identity.structural_tests
cairn/specs/local-schema-identity/spec.md	local_schema_identity	accepted-implementation-unestablished	molten.local_schema_identity.unique_alias_tests
cairn/specs/local-schema-identity/spec.md	schema_identity	accepted-implementation-unestablished	molten.schema_identity.choreography_payloads
cairn/specs/local-schema-identity/spec.md	schema_identity	accepted-implementation-unestablished	molten.schema_identity.compatibility_result
cairn/specs/local-schema-identity/spec.md	schema_identity	accepted-implementation-unestablished	molten.schema_identity.effect_schemas
cairn/specs/local-schema-identity/spec.md	schema_identity	accepted-implementation-unestablished	molten.schema_identity.migration_tests
cairn/specs/local-schema-identity/spec.md	schema_identity	accepted-implementation-unestablished	molten.schema_identity.model
cairn/specs/local-schema-identity/spec.md	schema_identity	accepted-implementation-unestablished	molten.schema_identity.no_unison_typechecker
cairn/specs/local-schema-identity/spec.md	schema_identity	accepted-implementation-unestablished	molten.schema_identity.policy_contract_schemas
cairn/specs/local-schema-identity/spec.md	schema_identity	accepted-implementation-unestablished	molten.schema_identity.policy_gate
cairn/specs/local-schema-identity/spec.md	schema_identity	accepted-implementation-unestablished	molten.schema_identity.property_tests
cairn/specs/local-schema-identity/spec.md	schema_identity	accepted-implementation-unestablished	molten.schema_identity.receipts
cairn/specs/local-schema-identity/spec.md	schema_identity	accepted-implementation-unestablished	molten.schema_identity.semantic_search
cairn/specs/local-schema-identity/spec.md	schema_identity	accepted-implementation-unestablished	molten.schema_identity.storage_integration
cairn/specs/local-schema-identity/spec.md	schema_identity	accepted-implementation-unestablished	molten.schema_identity.structural_fingerprint
cairn/specs/local-schema-identity/spec.md	schema_identity	accepted-implementation-unestablished	molten.schema_identity.structural_tests
cairn/specs/local-schema-identity/spec.md	schema_identity	accepted-implementation-unestablished	molten.schema_identity.unique_ids
cairn/specs/local-schema-identity/spec.md	schema_identity	accepted-implementation-unestablished	molten.schema_identity.unique_tests
cairn/specs/local-structured-rewrite/spec.md	local_rewrite	accepted-implementation-unestablished	molten.local_rewrite.apply_tests
cairn/specs/local-structured-rewrite/spec.md	local_rewrite	accepted-implementation-unestablished	molten.local_rewrite.artifact_creation
cairn/specs/local-structured-rewrite/spec.md	local_rewrite	accepted-implementation-unestablished	molten.local_rewrite.cli
cairn/specs/local-structured-rewrite/spec.md	local_rewrite	accepted-implementation-unestablished	molten.local_rewrite.no_text_only
cairn/specs/local-structured-rewrite/spec.md	local_rewrite	accepted-implementation-unestablished	molten.local_rewrite.pattern_subset
cairn/specs/local-structured-rewrite/spec.md	local_rewrite	accepted-implementation-unestablished	molten.local_rewrite.plan_dto
cairn/specs/local-structured-rewrite/spec.md	local_rewrite	accepted-implementation-unestablished	molten.local_rewrite.policy_admission
cairn/specs/local-structured-rewrite/spec.md	local_rewrite	accepted-implementation-unestablished	molten.local_rewrite.policy_tests
cairn/specs/local-structured-rewrite/spec.md	local_rewrite	accepted-implementation-unestablished	molten.local_rewrite.preview
cairn/specs/local-structured-rewrite/spec.md	local_rewrite	accepted-implementation-unestablished	molten.local_rewrite.property_tests
cairn/specs/local-structured-rewrite/spec.md	local_rewrite	accepted-implementation-unestablished	molten.local_rewrite.query_dto
cairn/specs/local-structured-rewrite/spec.md	local_rewrite	accepted-implementation-unestablished	molten.local_rewrite.receipts
cairn/specs/local-structured-rewrite/spec.md	local_rewrite	accepted-implementation-unestablished	molten.local_rewrite.schema_migration_hook
cairn/specs/local-structured-rewrite/spec.md	local_rewrite	accepted-implementation-unestablished	molten.local_rewrite.transcript_hook
cairn/specs/local-structured-rewrite/spec.md	local_rewrite	accepted-implementation-unestablished	molten.local_rewrite.upgrade_hook
cairn/specs/local-structured-rewrite/spec.md	local_rewrite	accepted-implementation-unestablished	molten.local_rewrite.visibility_filter
cairn/specs/local-structured-rewrite/spec.md	rewrite	accepted-implementation-unestablished	molten.rewrite.apply_tests
cairn/specs/local-structured-rewrite/spec.md	rewrite	accepted-implementation-unestablished	molten.rewrite.artifact_creation
cairn/specs/local-structured-rewrite/spec.md	rewrite	accepted-implementation-unestablished	molten.rewrite.find_tests
cairn/specs/local-structured-rewrite/spec.md	rewrite	accepted-implementation-unestablished	molten.rewrite.no_text_only
cairn/specs/local-structured-rewrite/spec.md	rewrite	accepted-implementation-unestablished	molten.rewrite.plan_model
cairn/specs/local-structured-rewrite/spec.md	rewrite	accepted-implementation-unestablished	molten.rewrite.policy_admission
cairn/specs/local-structured-rewrite/spec.md	rewrite	accepted-implementation-unestablished	molten.rewrite.policy_tests
cairn/specs/local-structured-rewrite/spec.md	rewrite	accepted-implementation-unestablished	molten.rewrite.preserves_patterns
cairn/specs/local-structured-rewrite/spec.md	rewrite	accepted-implementation-unestablished	molten.rewrite.preview
cairn/specs/local-structured-rewrite/spec.md	rewrite	accepted-implementation-unestablished	molten.rewrite.property_tests
cairn/specs/local-structured-rewrite/spec.md	rewrite	accepted-implementation-unestablished	molten.rewrite.query_model
cairn/specs/local-structured-rewrite/spec.md	rewrite	accepted-implementation-unestablished	molten.rewrite.receipts
cairn/specs/local-structured-rewrite/spec.md	rewrite	accepted-implementation-unestablished	molten.rewrite.schema_migration_hook
cairn/specs/local-structured-rewrite/spec.md	rewrite	accepted-implementation-unestablished	molten.rewrite.transcript_validation
cairn/specs/local-structured-rewrite/spec.md	rewrite	accepted-implementation-unestablished	molten.rewrite.upgrade_session_hook
cairn/specs/local-structured-rewrite/spec.md	rewrite	accepted-implementation-unestablished	molten.rewrite.visibility_policy
cairn/specs/node-replication-pilot/spec.md	node_replication_pilot	accepted-implementation-unestablished	molten.node_replication_pilot.boundary
cairn/specs/node-replication-pilot/spec.md	node_replication_pilot	accepted-implementation-unestablished	molten.node_replication_pilot.final_validation
cairn/specs/node-replication-pilot/spec.md	node_replication_pilot	accepted-implementation-unestablished	molten.node_replication_pilot.octet_toolchain_consumption
cairn/specs/node-replication-pilot/spec.md	node_replication_pilot	accepted-implementation-unestablished	molten.node_replication_pilot.profile
cairn/specs/node-replication-pilot/spec.md	node_replication_pilot	accepted-implementation-unestablished	molten.node_replication_pilot.promotion
cairn/specs/node-replication-pilot/spec.md	node_replication_pilot	accepted-implementation-unestablished	molten.node_replication_pilot.source_identity
cairn/specs/node-replication-pilot/spec.md	node_replication_pilot	accepted-implementation-unestablished	molten.node_replication_pilot.trusted_boundary
cairn/specs/node-replication-pilot/spec.md	node_replication_pilot	accepted-implementation-unestablished	molten.node_replication_pilot.validation
cairn/specs/node-replication-pilot/spec.md	node_replication_pilot	accepted-implementation-unestablished	molten.node_replication_pilot.verifier_probe
cairn/specs/node-runtime/spec.md	node_runtime	accepted-implementation-unestablished	molten.node_runtime.cluster_init_reset_guard
cairn/specs/node-runtime/spec.md	node_runtime	accepted-implementation-unestablished	molten.node_runtime.cluster_state_root_guard
cairn/specs/node-runtime/spec.md	node_runtime	accepted-implementation-unestablished	molten.node_runtime.connectivity_probe_receipts
cairn/specs/node-runtime/spec.md	node_runtime	accepted-implementation-unestablished	molten.node_runtime.external_diagnostics_bridge
cairn/specs/node-runtime/spec.md	node_runtime	accepted-implementation-unestablished	molten.node_runtime.http3_iroh_readback_adapter
cairn/specs/node-runtime/spec.md	node_runtime	accepted-implementation-unestablished	molten.node_runtime.http3_iroh_readback_tests
cairn/specs/node-runtime/spec.md	node_runtime	accepted-implementation-unestablished	molten.node_runtime.init_lifecycle_collision_guard
cairn/specs/node-runtime/spec.md	node_runtime	accepted-implementation-unestablished	molten.node_runtime.iroh_alpn_handler_ownership
cairn/specs/node-runtime/spec.md	node_runtime	accepted-implementation-unestablished	molten.node_runtime.iroh_alpn_non_authority
cairn/specs/node-runtime/spec.md	node_runtime	accepted-implementation-unestablished	molten.node_runtime.iroh_alpn_registry_model
cairn/specs/node-runtime/spec.md	node_runtime	accepted-implementation-unestablished	molten.node_runtime.iroh_alpn_registry_validation
cairn/specs/node-runtime/spec.md	node_runtime	accepted-implementation-unestablished	molten.node_runtime.iroh_framed_envelope_stream
cairn/specs/node-runtime/spec.md	node_runtime	accepted-implementation-unestablished	molten.node_runtime.iroh_protocol_router
cairn/specs/node-runtime/spec.md	node_runtime	accepted-implementation-unestablished	molten.node_runtime.iroh_protocol_router_receipts
cairn/specs/node-runtime/spec.md	node_runtime	accepted-implementation-unestablished	molten.node_runtime.iroh_service_session_streaming
cairn/specs/node-runtime/spec.md	node_runtime	accepted-implementation-unestablished	molten.node_runtime.metrics_snapshot
cairn/specs/node-runtime/spec.md	node_runtime	accepted-implementation-unestablished	molten.node_runtime.modularity.daemon_modules
cairn/specs/node-runtime/spec.md	node_runtime	accepted-implementation-unestablished	molten.node_runtime.modularity.pure_daemon_core
cairn/specs/node-runtime/spec.md	node_runtime	accepted-implementation-unestablished	molten.node_runtime.modularity.shell_boundary
cairn/specs/node-runtime/spec.md	node_runtime	accepted-implementation-unestablished	molten.node_runtime.modularity.tests
cairn/specs/node-runtime/spec.md	node_runtime	accepted-implementation-unestablished	molten.node_runtime.network_diagnostics_report
cairn/specs/node-runtime/spec.md	node_runtime	accepted-implementation-unestablished	molten.node_runtime.network_watcher_snapshot
cairn/specs/node-runtime/spec.md	node_runtime	accepted-implementation-unestablished	molten.node_runtime.port_mapping_policy
cairn/specs/node-runtime/spec.md	peer_handoff	accepted-implementation-unestablished	molten.peer_handoff.consumer_scope_binding
cairn/specs/node-runtime/spec.md	peer_handoff	accepted-implementation-unestablished	molten.peer_handoff.node_control_compat
cairn/specs/node-runtime/spec.md	peer_handoff	accepted-implementation-unestablished	molten.peer_handoff.validation
cairn/specs/node-runtime/spec.md	peer_promotion	accepted-implementation-unestablished	molten.peer_promotion.apply_no_subsystem_side_effects
cairn/specs/node-runtime/spec.md	peer_promotion	accepted-implementation-unestablished	molten.peer_promotion.node_apply_boundary
cairn/specs/node-runtime/spec.md	peer_session	accepted-implementation-unestablished	molten.peer_session.live_ticket_session_binding
cairn/specs/node-runtime/spec.md	peer_session	accepted-implementation-unestablished	molten.peer_session.nickel_config
cairn/specs/node-runtime/spec.md	peer_session	accepted-implementation-unestablished	molten.peer_session.node_state_table
cairn/specs/node-runtime/spec.md	peer_session	accepted-implementation-unestablished	molten.peer_session.peer_cli
cairn/specs/node-runtime/spec.md	peer_session	accepted-implementation-unestablished	molten.peer_session.validation
cairn/specs/node-runtime/spec.md	prod_ops	accepted-implementation-unestablished	molten.prod_ops.deployment_profile
cairn/specs/node-runtime/spec.md	prod_ops	accepted-implementation-unestablished	molten.prod_ops.observability_slo
cairn/specs/node-runtime/spec.md	prod_ops	accepted-implementation-unestablished	molten.prod_ops.operator_runbooks
cairn/specs/node-runtime/spec.md	prod_ops	accepted-implementation-unestablished	molten.prod_ops.profile_contract_fixtures.evidence_boundary
cairn/specs/node-runtime/spec.md	prod_ops	accepted-implementation-unestablished	molten.prod_ops.profile_contract_fixtures.positive_negative
cairn/specs/node-runtime/spec.md	prod_ops	accepted-implementation-unestablished	molten.prod_ops.profile_contract_fixtures.validation_gate
cairn/specs/node-runtime/spec.md	prod_ops	accepted-implementation-unestablished	molten.prod_ops.profile_contract_library.instance_profile
cairn/specs/node-runtime/spec.md	prod_ops	accepted-implementation-unestablished	molten.prod_ops.profile_contract_library.no_runtime_nickel
cairn/specs/node-runtime/spec.md	prod_ops	accepted-implementation-unestablished	molten.prod_ops.profile_contract_library.reusable_module
cairn/specs/node-runtime/spec.md	prod_ops	accepted-implementation-unestablished	molten.prod_ops.profile_domain_contracts.positive_limits
cairn/specs/node-runtime/spec.md	prod_ops	accepted-implementation-unestablished	molten.prod_ops.profile_domain_contracts.scalar_types
cairn/specs/node-runtime/spec.md	prod_ops	accepted-implementation-unestablished	molten.prod_ops.profile_enum_contracts.allowed_vocabularies
cairn/specs/node-runtime/spec.md	prod_ops	accepted-implementation-unestablished	molten.prod_ops.profile_enum_contracts.reviewed_growth
cairn/specs/node-runtime/spec.md	prod_ops	accepted-implementation-unestablished	molten.prod_ops.profile_invariants.layout_distinct
cairn/specs/node-runtime/spec.md	prod_ops	accepted-implementation-unestablished	molten.prod_ops.profile_invariants.required_evidence
cairn/specs/node-runtime/spec.md	prod_ops	accepted-implementation-unestablished	molten.prod_ops.profile_invariants.resource_relationships
cairn/specs/node-runtime/spec.md	prod_ops	accepted-implementation-unestablished	molten.prod_ops.profile_named_units.export_stability
cairn/specs/node-runtime/spec.md	prod_ops	accepted-implementation-unestablished	molten.prod_ops.profile_named_units.named_thresholds
cairn/specs/node-runtime/spec.md	prod_ops	accepted-implementation-unestablished	molten.prod_ops.profile_schema_metadata.evidence_only
cairn/specs/node-runtime/spec.md	prod_ops	accepted-implementation-unestablished	molten.prod_ops.profile_schema_metadata.receipt_binding
cairn/specs/node-runtime/spec.md	prod_ops	accepted-implementation-unestablished	molten.prod_ops.profile_schema_metadata.root_identity
cairn/specs/node-runtime/spec.md	prod_ops	accepted-implementation-unestablished	molten.prod_ops.state_backup_restore
cairn/specs/node-runtime/spec.md	prod_ops	accepted-implementation-unestablished	molten.prod_ops.upgrade_rollback_drill
cairn/specs/operator-workflow/spec.md	dogfood	accepted-implementation-unestablished	molten.dogfood.cli_tests
cairn/specs/operator-workflow/spec.md	dogfood	accepted-implementation-unestablished	molten.dogfood.cluster_readback_plan
cairn/specs/operator-workflow/spec.md	dogfood	accepted-implementation-unestablished	molten.dogfood.final_receipt
cairn/specs/operator-workflow/spec.md	dogfood	accepted-implementation-unestablished	molten.dogfood.leave_running
cairn/specs/operator-workflow/spec.md	dogfood	accepted-implementation-unestablished	molten.dogfood.local_command
cairn/specs/operator-workflow/spec.md	dogfood	accepted-implementation-unestablished	molten.dogfood.no_logs_as_evidence
cairn/specs/operator-workflow/spec.md	dogfood	accepted-implementation-unestablished	molten.dogfood.operator_receipt_schema
cairn/specs/operator-workflow/spec.md	dogfood	accepted-implementation-unestablished	molten.dogfood.property_tests
cairn/specs/operator-workflow/spec.md	dogfood	accepted-implementation-unestablished	molten.dogfood.receipts_cli
cairn/specs/operator-workflow/spec.md	dogfood	accepted-implementation-unestablished	molten.dogfood.redaction
cairn/specs/operator-workflow/spec.md	dogfood	accepted-implementation-unestablished	molten.dogfood.replay_validation
cairn/specs/operator-workflow/spec.md	dogfood	accepted-implementation-unestablished	molten.dogfood.vertical_slice
cairn/specs/operator-workflow/spec.md	external_live_pilot_soak	accepted-implementation-unestablished	molten.external_live_pilot_soak.decision_receipt
cairn/specs/operator-workflow/spec.md	external_live_pilot_soak	accepted-implementation-unestablished	molten.external_live_pilot_soak.evidence_bundle
cairn/specs/operator-workflow/spec.md	external_live_pilot_soak	accepted-implementation-unestablished	molten.external_live_pilot_soak.negative_denials
cairn/specs/operator-workflow/spec.md	external_live_pilot_soak	accepted-implementation-unestablished	molten.external_live_pilot_soak.operator_runbook
cairn/specs/operator-workflow/spec.md	external_live_pilot_soak	accepted-implementation-unestablished	molten.external_live_pilot_soak.positive_workflow
cairn/specs/operator-workflow/spec.md	external_live_pilot_soak	accepted-implementation-unestablished	molten.external_live_pilot_soak.release_readback
cairn/specs/operator-workflow/spec.md	external_live_pilot_soak	accepted-implementation-unestablished	molten.external_live_pilot_soak.scope_model
cairn/specs/operator-workflow/spec.md	operator	accepted-implementation-unestablished	molten.operator.proof_readback.cli
cairn/specs/operator-workflow/spec.md	operator	accepted-implementation-unestablished	molten.operator.proof_readback.docs
cairn/specs/operator-workflow/spec.md	operator	accepted-implementation-unestablished	molten.operator.proof_readback.evidence_chain
cairn/specs/operator-workflow/spec.md	operator	accepted-implementation-unestablished	molten.operator.proof_readback.gap_diagnostics
cairn/specs/operator-workflow/spec.md	operator	accepted-implementation-unestablished	molten.operator.proof_readback.hegel_properties
cairn/specs/operator-workflow/spec.md	operator	accepted-implementation-unestablished	molten.operator.proof_readback.requirement_view
cairn/specs/operator-workflow/spec.md	operator	accepted-implementation-unestablished	molten.operator.proof_readback.scope_caveats
cairn/specs/operator-workflow/spec.md	operator_dogfood_nix_release_check	accepted-implementation-unestablished	molten.operator_dogfood_nix_release_check.artifacts
cairn/specs/operator-workflow/spec.md	operator_dogfood_nix_release_check	accepted-implementation-unestablished	molten.operator_dogfood_nix_release_check.check
cairn/specs/operator-workflow/spec.md	operator_dogfood_nix_release_check	accepted-implementation-unestablished	molten.operator_dogfood_nix_release_check.docs
cairn/specs/operator-workflow/spec.md	operator_dogfood_nix_release_check	accepted-implementation-unestablished	molten.operator_dogfood_nix_release_check.nextest_dependency
cairn/specs/operator-workflow/spec.md	operator_dogfood_nix_release_check	accepted-implementation-unestablished	molten.operator_dogfood_nix_release_check.validation
cairn/specs/operator-workflow/spec.md	operator_dogfood_nix_release_evidence	accepted-implementation-unestablished	molten.operator_dogfood_nix_release_evidence.evidence_only
cairn/specs/operator-workflow/spec.md	operator_dogfood_nix_release_evidence	accepted-implementation-unestablished	molten.operator_dogfood_nix_release_evidence.export
cairn/specs/operator-workflow/spec.md	operator_dogfood_nix_release_evidence	accepted-implementation-unestablished	molten.operator_dogfood_nix_release_evidence.nix_check
cairn/specs/operator-workflow/spec.md	operator_dogfood_nix_release_evidence	accepted-implementation-unestablished	molten.operator_dogfood_nix_release_evidence.tests
cairn/specs/operator-workflow/spec.md	operator_dogfood_nix_release_evidence	accepted-implementation-unestablished	molten.operator_dogfood_nix_release_evidence.verify
cairn/specs/operator-workflow/spec.md	operator_dogfood_node_workflow	accepted-implementation-unestablished	molten.operator_dogfood_node_workflow.spec.no_hidden_bypass
cairn/specs/operator-workflow/spec.md	operator_dogfood_node_workflow	accepted-implementation-unestablished	molten.operator_dogfood_node_workflow.spec.release_gate
cairn/specs/operator-workflow/spec.md	operator_dogfood_node_workflow	accepted-implementation-unestablished	molten.operator_dogfood_node_workflow.spec.report
cairn/specs/operator-workflow/spec.md	operator_dogfood_release_evidence_bundle	accepted-implementation-unestablished	molten.operator_dogfood_release_evidence_bundle.docs
cairn/specs/operator-workflow/spec.md	operator_dogfood_release_evidence_bundle	accepted-implementation-unestablished	molten.operator_dogfood_release_evidence_bundle.evidence_only
cairn/specs/operator-workflow/spec.md	operator_dogfood_release_evidence_bundle	accepted-implementation-unestablished	molten.operator_dogfood_release_evidence_bundle.export
cairn/specs/operator-workflow/spec.md	operator_dogfood_release_evidence_bundle	accepted-implementation-unestablished	molten.operator_dogfood_release_evidence_bundle.nix_check
cairn/specs/operator-workflow/spec.md	operator_dogfood_release_evidence_bundle	accepted-implementation-unestablished	molten.operator_dogfood_release_evidence_bundle.tests
cairn/specs/operator-workflow/spec.md	operator_dogfood_release_evidence_bundle	accepted-implementation-unestablished	molten.operator_dogfood_release_evidence_bundle.verify
cairn/specs/operator-workflow/spec.md	operator_workflow	accepted-implementation-unestablished	molten.operator_workflow.modularity.dependency_direction
cairn/specs/operator-workflow/spec.md	operator_workflow	accepted-implementation-unestablished	molten.operator_workflow.modularity.evidence_only
cairn/specs/operator-workflow/spec.md	operator_workflow	accepted-implementation-unestablished	molten.operator_workflow.modularity.integration_boundary
cairn/specs/operator-workflow/spec.md	operator_workflow	accepted-implementation-unestablished	molten.operator_workflow.modularity.tests
cairn/specs/operator-workflow/spec.md	prod_release_candidate	accepted-implementation-unestablished	molten.prod_release_candidate.evidence_bundle_promotion
cairn/specs/operator-workflow/spec.md	prod_release_candidate	accepted-implementation-unestablished	molten.prod_release_candidate.full_validation_matrix
cairn/specs/operator-workflow/spec.md	prod_release_candidate	accepted-implementation-unestablished	molten.prod_release_candidate.pilot_decision
cairn/specs/operator-workflow/spec.md	prod_release_candidate	accepted-implementation-unestablished	molten.prod_release_candidate.source_gate_current
cairn/specs/operator-workflow/spec.md	release_evidence_refresh	accepted-implementation-unestablished	molten.release_evidence_refresh.bundle_graph
cairn/specs/operator-workflow/spec.md	release_evidence_refresh	accepted-implementation-unestablished	molten.release_evidence_refresh.current_candidate_matrix
cairn/specs/operator-workflow/spec.md	release_evidence_refresh	accepted-implementation-unestablished	molten.release_evidence_refresh.docs
cairn/specs/operator-workflow/spec.md	release_evidence_refresh	accepted-implementation-unestablished	molten.release_evidence_refresh.dogfood_readback
cairn/specs/operator-workflow/spec.md	release_evidence_refresh	accepted-implementation-unestablished	molten.release_evidence_refresh.stale_denial
cairn/specs/peer-bootstrap-negotiation/spec.md	capability_token	accepted-implementation-unestablished	molten.capability_token.peer_roles
cairn/specs/peer-bootstrap-negotiation/spec.md	capability_token	accepted-implementation-unestablished	molten.capability_token.validation
cairn/specs/peer-bootstrap-negotiation/spec.md	peer_bootstrap	accepted-implementation-unestablished	molten.peer_bootstrap.bootstrap_inputs
cairn/specs/peer-bootstrap-negotiation/spec.md	peer_bootstrap	accepted-implementation-unestablished	molten.peer_bootstrap.capability_offers
cairn/specs/peer-bootstrap-negotiation/spec.md	peer_bootstrap	accepted-implementation-unestablished	molten.peer_bootstrap.capability_tests
cairn/specs/peer-bootstrap-negotiation/spec.md	peer_bootstrap	accepted-implementation-unestablished	molten.peer_bootstrap.downgrade_tests
cairn/specs/peer-bootstrap-negotiation/spec.md	peer_bootstrap	accepted-implementation-unestablished	molten.peer_bootstrap.feature_vector
cairn/specs/peer-bootstrap-negotiation/spec.md	peer_bootstrap	accepted-implementation-unestablished	molten.peer_bootstrap.handshake_record
cairn/specs/peer-bootstrap-negotiation/spec.md	peer_bootstrap	accepted-implementation-unestablished	molten.peer_bootstrap.iroh_identity_transport_boundary
cairn/specs/peer-bootstrap-negotiation/spec.md	peer_bootstrap	accepted-implementation-unestablished	molten.peer_bootstrap.live_profile_receipts
cairn/specs/peer-bootstrap-negotiation/spec.md	peer_bootstrap	accepted-implementation-unestablished	molten.peer_bootstrap.live_profiles_non_authority
cairn/specs/peer-bootstrap-negotiation/spec.md	peer_bootstrap	accepted-implementation-unestablished	molten.peer_bootstrap.live_topology_profile
cairn/specs/peer-bootstrap-negotiation/spec.md	peer_bootstrap	accepted-implementation-unestablished	molten.peer_bootstrap.live_transport_profile
cairn/specs/peer-bootstrap-negotiation/spec.md	peer_bootstrap	accepted-implementation-unestablished	molten.peer_bootstrap.loopback_tests
cairn/specs/peer-bootstrap-negotiation/spec.md	peer_bootstrap	accepted-implementation-unestablished	molten.peer_bootstrap.negotiation_policy
cairn/specs/peer-bootstrap-negotiation/spec.md	peer_bootstrap	accepted-implementation-unestablished	molten.peer_bootstrap.no_transport_authority
cairn/specs/peer-bootstrap-negotiation/spec.md	peer_bootstrap	accepted-implementation-unestablished	molten.peer_bootstrap.property_tests
cairn/specs/peer-bootstrap-negotiation/spec.md	peer_bootstrap	accepted-implementation-unestablished	molten.peer_bootstrap.protocol_job_join
cairn/specs/peer-bootstrap-negotiation/spec.md	peer_bootstrap	accepted-implementation-unestablished	molten.peer_bootstrap.raft_join_plan
cairn/specs/peer-bootstrap-negotiation/spec.md	peer_bootstrap	accepted-implementation-unestablished	molten.peer_bootstrap.receipts
cairn/specs/peer-bootstrap-negotiation/spec.md	peer_bootstrap	accepted-implementation-unestablished	molten.peer_bootstrap.remote_sync_join
cairn/specs/peer-bootstrap-negotiation/spec.md	peer_bootstrap	accepted-implementation-unestablished	molten.peer_bootstrap.resource_limits
cairn/specs/peer-bootstrap-negotiation/spec.md	peer_bootstrap	accepted-implementation-unestablished	molten.peer_bootstrap.topic_doc_join
cairn/specs/peer-bootstrap-negotiation/spec.md	peer_handoff	accepted-implementation-unestablished	molten.peer_handoff.authority_boundary
cairn/specs/peer-bootstrap-negotiation/spec.md	peer_handoff	accepted-implementation-unestablished	molten.peer_handoff.bundle_model
cairn/specs/peer-bootstrap-negotiation/spec.md	peer_handoff	accepted-implementation-unestablished	molten.peer_handoff.diagnostics
cairn/specs/peer-bootstrap-negotiation/spec.md	peer_handoff	accepted-implementation-unestablished	molten.peer_handoff.import_apply
cairn/specs/peer-bootstrap-negotiation/spec.md	peer_handoff	accepted-implementation-unestablished	molten.peer_handoff.positive_negative_tests
cairn/specs/peer-bootstrap-negotiation/spec.md	peer_handoff	accepted-implementation-unestablished	molten.peer_handoff.verify_gate
cairn/specs/peer-bootstrap-negotiation/spec.md	peer_promotion	accepted-implementation-unestablished	molten.peer_promotion.diagnostics
cairn/specs/peer-bootstrap-negotiation/spec.md	peer_promotion	accepted-implementation-unestablished	molten.peer_promotion.preflight_apply
cairn/specs/peer-bootstrap-negotiation/spec.md	peer_promotion	accepted-implementation-unestablished	molten.peer_promotion.subscriber_upgrade
cairn/specs/peer-bootstrap-negotiation/spec.md	peer_promotion	accepted-implementation-unestablished	molten.peer_promotion.validation
cairn/specs/peer-bootstrap-negotiation/spec.md	peer_session	accepted-implementation-unestablished	molten.peer_session.authority_boundary
cairn/specs/peer-bootstrap-negotiation/spec.md	peer_session	accepted-implementation-unestablished	molten.peer_session.diagnostics
cairn/specs/peer-bootstrap-negotiation/spec.md	peer_session	accepted-implementation-unestablished	molten.peer_session.lifecycle_model
cairn/specs/peer-bootstrap-negotiation/spec.md	peer_session	accepted-implementation-unestablished	molten.peer_session.lifecycle_transitions
cairn/specs/peer-bootstrap-negotiation/spec.md	peer_session	accepted-implementation-unestablished	molten.peer_session.positive_negative_tests
cairn/specs/peer-bootstrap-negotiation/spec.md	peer_session	accepted-implementation-unestablished	molten.peer_session.terminal_quarantine_guards
cairn/specs/peer-bootstrap-negotiation/spec.md	peer_session	accepted-implementation-unestablished	molten.peer_session.transition_receipt_binding
cairn/specs/peer-bootstrap-negotiation/spec.md	peer_session	accepted-implementation-unestablished	molten.peer_session.transition_relation_closed
cairn/specs/peer-bootstrap-negotiation/spec.md	peer_session	accepted-implementation-unestablished	molten.peer_session.transition_trace_tests
cairn/specs/peer-bootstrap-negotiation/spec.md	peer_subscriber	accepted-implementation-unestablished	molten.peer_subscriber.no_relay_republish
cairn/specs/peer-bootstrap-negotiation/spec.md	peer_subscriber	accepted-implementation-unestablished	molten.peer_subscriber.no_write_upgrade
cairn/specs/peer-bootstrap-negotiation/spec.md	peer_subscriber	accepted-implementation-unestablished	molten.peer_subscriber.positive_negative_tests
cairn/specs/peer-bootstrap-negotiation/spec.md	peer_subscriber	accepted-implementation-unestablished	molten.peer_subscriber.read_requires_authority
cairn/specs/peer-bootstrap-negotiation/spec.md	peer_subscriber	accepted-implementation-unestablished	molten.peer_subscriber.role_model
cairn/specs/peer-bootstrap-negotiation/spec.md	peer_subscriber	accepted-implementation-unestablished	molten.peer_subscriber.subscription_grant
cairn/specs/peer-bootstrap-negotiation/spec.md	raft_membership_admission	accepted-implementation-unestablished	molten.raft_membership_admission.peer_boundary
cairn/specs/peer-bootstrap-negotiation/spec.md	raft_membership_admission	accepted-implementation-unestablished	molten.raft_membership_admission.validation
cairn/specs/persistent-node-identity/spec.md	node_identity	accepted-implementation-unestablished	molten.node_identity.config_contract
cairn/specs/persistent-node-identity/spec.md	node_identity	accepted-implementation-unestablished	molten.node_identity.drift_detection
cairn/specs/persistent-node-identity/spec.md	node_identity	accepted-implementation-unestablished	molten.node_identity.file_backend
cairn/specs/persistent-node-identity/spec.md	node_identity	accepted-implementation-unestablished	molten.node_identity.iroh_identity_drift_recovery
cairn/specs/persistent-node-identity/spec.md	node_identity	accepted-implementation-unestablished	molten.node_identity.iroh_identity_permissions
cairn/specs/persistent-node-identity/spec.md	node_identity	accepted-implementation-unestablished	molten.node_identity.iroh_identity_receipt_redaction
cairn/specs/persistent-node-identity/spec.md	node_identity	accepted-implementation-unestablished	molten.node_identity.iroh_identity_resolution_core
cairn/specs/persistent-node-identity/spec.md	node_identity	accepted-implementation-unestablished	molten.node_identity.iroh_secret_backend_model
cairn/specs/persistent-node-identity/spec.md	node_identity	accepted-implementation-unestablished	molten.node_identity.no_identity_authority
cairn/specs/persistent-node-identity/spec.md	node_identity	accepted-implementation-unestablished	molten.node_identity.peer_bootstrap
cairn/specs/persistent-node-identity/spec.md	node_identity	accepted-implementation-unestablished	molten.node_identity.property_tests
cairn/specs/persistent-node-identity/spec.md	node_identity	accepted-implementation-unestablished	molten.node_identity.record_model
cairn/specs/persistent-node-identity/spec.md	node_identity	accepted-implementation-unestablished	molten.node_identity.replay_refs
cairn/specs/persistent-node-identity/spec.md	node_identity	accepted-implementation-unestablished	molten.node_identity.resolution_order
cairn/specs/persistent-node-identity/spec.md	node_identity	accepted-implementation-unestablished	molten.node_identity.restart_tests
cairn/specs/persistent-node-identity/spec.md	node_identity	accepted-implementation-unestablished	molten.node_identity.secret_redaction
cairn/specs/persistent-node-identity/spec.md	node_identity	accepted-implementation-unestablished	molten.node_identity.startup_receipts
cairn/specs/plugin-host/spec.md	host_abi	accepted-implementation-unestablished	molten.host_abi.artifact_model
cairn/specs/plugin-host/spec.md	host_abi	accepted-implementation-unestablished	molten.host_abi.compatibility
cairn/specs/plugin-host/spec.md	host_abi	accepted-implementation-unestablished	molten.host_abi.effect_hostcalls
cairn/specs/plugin-host/spec.md	host_abi	accepted-implementation-unestablished	molten.host_abi.hostcall_tests
cairn/specs/plugin-host/spec.md	host_abi	accepted-implementation-unestablished	molten.host_abi.lifecycle_exports
cairn/specs/plugin-host/spec.md	host_abi	accepted-implementation-unestablished	molten.host_abi.namespace_isolation
cairn/specs/plugin-host/spec.md	host_abi	accepted-implementation-unestablished	molten.host_abi.no_aspen_rpc_shape
cairn/specs/plugin-host/spec.md	host_abi	accepted-implementation-unestablished	molten.host_abi.preserves_results
cairn/specs/plugin-host/spec.md	host_abi	accepted-implementation-unestablished	molten.host_abi.property_tests
cairn/specs/plugin-host/spec.md	host_abi	accepted-implementation-unestablished	molten.host_abi.supervision_integration
cairn/specs/plugin-host/spec.md	host_abi	accepted-implementation-unestablished	molten.host_abi.version_receipts
cairn/specs/plugin-host/spec.md	host_abi	accepted-implementation-unestablished	molten.host_abi.wasm_binding_plan
cairn/specs/plugin-host/spec.md	nickel_envelope_payload_contracts	accepted-implementation-unestablished	molten.nickel_envelope_payload_contracts.fixture_migration
cairn/specs/plugin-host/spec.md	nickel_envelope_payload_contracts	accepted-implementation-unestablished	molten.nickel_envelope_payload_contracts.identity_binding
cairn/specs/plugin-host/spec.md	nickel_envelope_payload_contracts	accepted-implementation-unestablished	molten.nickel_envelope_payload_contracts.negative_envelopes
cairn/specs/plugin-host/spec.md	nickel_envelope_payload_contracts	accepted-implementation-unestablished	molten.nickel_envelope_payload_contracts.runtime_boundary
cairn/specs/plugin-host/spec.md	nickel_envelope_payload_contracts	accepted-implementation-unestablished	molten.nickel_envelope_payload_contracts.schema_payload_coupling
cairn/specs/plugin-host/spec.md	plugin_capability_grants	accepted-implementation-unestablished	molten.plugin_capability_grants.grant_artifact
cairn/specs/plugin-host/spec.md	plugin_capability_grants	accepted-implementation-unestablished	molten.plugin_capability_grants.hostcall_admission
cairn/specs/plugin-host/spec.md	plugin_capability_grants	accepted-implementation-unestablished	molten.plugin_capability_grants.nickel_authoring
cairn/specs/plugin-host/spec.md	plugin_capability_grants	accepted-implementation-unestablished	molten.plugin_capability_grants.revocation_attenuation
cairn/specs/plugin-host/spec.md	plugin_contract_hardening	accepted-implementation-unestablished	molten.plugin_contract_hardening.hostcall_ref_binding
cairn/specs/plugin-host/spec.md	plugin_contract_hardening	accepted-implementation-unestablished	molten.plugin_contract_hardening.manifest_receipt_binding
cairn/specs/plugin-host/spec.md	plugin_contract_hardening	accepted-implementation-unestablished	molten.plugin_contract_hardening.receipt_check_coherence
cairn/specs/plugin-host/spec.md	plugin_extension_contracts	accepted-implementation-unestablished	molten.plugin_extension_contracts.compatibility_receipts
cairn/specs/plugin-host/spec.md	plugin_extension_contracts	accepted-implementation-unestablished	molten.plugin_extension_contracts.conformance_evidence
cairn/specs/plugin-host/spec.md	plugin_extension_contracts	accepted-implementation-unestablished	molten.plugin_extension_contracts.contract_artifact
cairn/specs/plugin-host/spec.md	plugin_extension_contracts	accepted-implementation-unestablished	molten.plugin_extension_contracts.domain_hardening.authoring_contracts
cairn/specs/plugin-host/spec.md	plugin_extension_contracts	accepted-implementation-unestablished	molten.plugin_extension_contracts.domain_hardening.grant_invariants
cairn/specs/plugin-host/spec.md	plugin_extension_contracts	accepted-implementation-unestablished	molten.plugin_extension_contracts.negotiation
cairn/specs/plugin-host/spec.md	plugin_extension_contracts	accepted-implementation-unestablished	molten.plugin_extension_contracts.nickel_authoring
cairn/specs/plugin-host/spec.md	plugin_extension_contracts	accepted-implementation-unestablished	molten.plugin_extension_contracts.per_hostcall_requirements
cairn/specs/plugin-host/spec.md	plugin_grant_contract_binding	accepted-implementation-unestablished	molten.plugin_grant_contract_binding.descriptor_binding
cairn/specs/plugin-host/spec.md	plugin_grant_contract_binding	accepted-implementation-unestablished	molten.plugin_grant_contract_binding.fixture_migration
cairn/specs/plugin-host/spec.md	plugin_grant_contract_binding	accepted-implementation-unestablished	molten.plugin_grant_contract_binding.negative_grant_bindings
cairn/specs/plugin-host/spec.md	plugin_grant_contract_binding	accepted-implementation-unestablished	molten.plugin_grant_contract_binding.resource_scope
cairn/specs/plugin-host/spec.md	plugin_grant_contract_binding	accepted-implementation-unestablished	molten.plugin_grant_contract_binding.revocation_attenuation
cairn/specs/plugin-host/spec.md	plugin_grant_contract_binding	accepted-implementation-unestablished	molten.plugin_grant_contract_binding.runtime_boundary
cairn/specs/plugin-host/spec.md	plugin_grant_contract_binding	accepted-implementation-unestablished	molten.plugin_grant_contract_binding.schema_replay_binding
cairn/specs/plugin-host/spec.md	plugin_host_lifecycle	accepted-implementation-unestablished	molten.plugin_host_lifecycle.spec.cleanup
cairn/specs/plugin-host/spec.md	plugin_host_lifecycle	accepted-implementation-unestablished	molten.plugin_host_lifecycle.spec.hostcalls
cairn/specs/plugin-host/spec.md	plugin_host_lifecycle	accepted-implementation-unestablished	molten.plugin_host_lifecycle.spec.install_gate
cairn/specs/plugin-host/spec.md	plugin_host_lifecycle	accepted-implementation-unestablished	molten.plugin_host_lifecycle.spec.upgrade
cairn/specs/plugin-host/spec.md	plugin_lifecycle_state_proof	accepted-implementation-unestablished	molten.plugin_lifecycle_state_proof.guard_binding
cairn/specs/plugin-host/spec.md	plugin_lifecycle_state_proof	accepted-implementation-unestablished	molten.plugin_lifecycle_state_proof.state_receipts
cairn/specs/plugin-host/spec.md	plugin_lifecycle_state_proof	accepted-implementation-unestablished	molten.plugin_lifecycle_state_proof.transition_table
cairn/specs/plugin-host/spec.md	plugin_lifecycle_state_proof	accepted-implementation-unestablished	molten.plugin_lifecycle_state_proof.transition_tests
cairn/specs/project/spec.md	modularity	accepted-implementation-unestablished	molten.modularity.cli_shell.compatible_ux
cairn/specs/project/spec.md	modularity	accepted-implementation-unestablished	molten.modularity.cli_shell.tests
cairn/specs/project/spec.md	modularity	accepted-implementation-unestablished	molten.modularity.cli_shell.thin_shell
cairn/specs/project/spec.md	modularity	accepted-implementation-unestablished	molten.modularity.cli_shell.typed_core
cairn/specs/project/spec.md	modularity	accepted-implementation-unestablished	molten.modularity.core_crate.dependency_direction
cairn/specs/project/spec.md	modularity	accepted-implementation-unestablished	molten.modularity.core_crate.pure_foundation
cairn/specs/project/spec.md	modularity	accepted-implementation-unestablished	molten.modularity.core_crate.validation
cairn/specs/project/spec.md	modularity	accepted-implementation-unestablished	molten.modularity.public_api.classified_surface
cairn/specs/project/spec.md	modularity	accepted-implementation-unestablished	molten.modularity.public_api.intentional_exports
cairn/specs/project/spec.md	modularity	accepted-implementation-unestablished	molten.modularity.public_api.validation
cairn/specs/project/spec.md	modularity	accepted-implementation-unestablished	molten.modularity.public_api.visibility
cairn/specs/project/spec.md	modularity	accepted-implementation-unestablished	molten.modularity.semantic_modules.exemptions
cairn/specs/project/spec.md	modularity	accepted-implementation-unestablished	molten.modularity.semantic_modules.functional_core
cairn/specs/project/spec.md	modularity	accepted-implementation-unestablished	molten.modularity.semantic_modules.named_boundaries
cairn/specs/project/spec.md	modularity	accepted-implementation-unestablished	molten.modularity.store_ports.admission_before_write
cairn/specs/project/spec.md	modularity	accepted-implementation-unestablished	molten.modularity.store_ports.explicit_port
cairn/specs/project/spec.md	modularity	accepted-implementation-unestablished	molten.modularity.store_ports.redb_adapter
cairn/specs/project/spec.md	modularity	accepted-implementation-unestablished	molten.modularity.store_ports.tests
cairn/specs/project/spec.md	nickel_array_invariants	accepted-implementation-unestablished	molten.nickel_array_invariants.helper_diagnostics
cairn/specs/project/spec.md	nickel_array_invariants	accepted-implementation-unestablished	molten.nickel_array_invariants.negative_arrays
cairn/specs/project/spec.md	nickel_array_invariants	accepted-implementation-unestablished	molten.nickel_array_invariants.plugin_arrays
cairn/specs/project/spec.md	nickel_array_invariants	accepted-implementation-unestablished	molten.nickel_array_invariants.policy_arrays
cairn/specs/project/spec.md	nickel_array_invariants	accepted-implementation-unestablished	molten.nickel_array_invariants.production_peer_multinode
cairn/specs/project/spec.md	nickel_array_invariants	accepted-implementation-unestablished	molten.nickel_array_invariants.runtime_boundary
cairn/specs/project/spec.md	nickel_array_invariants	accepted-implementation-unestablished	molten.nickel_array_invariants.shared_array_helpers
cairn/specs/project/spec.md	project	accepted-implementation-unestablished	molten.project.agpl_distribution_profile.docs
cairn/specs/project/spec.md	project	accepted-implementation-unestablished	molten.project.cairn_policy_integrity.references
cairn/specs/project/spec.md	project	accepted-implementation-unestablished	molten.project.cairn_policy_integrity.uniqueness
cairn/specs/project/spec.md	project	accepted-implementation-unestablished	molten.project.change_proof_checklist.cairn_tasks
cairn/specs/project/spec.md	project	accepted-implementation-unestablished	molten.project.change_proof_checklist.docs
cairn/specs/project/spec.md	project	accepted-implementation-unestablished	molten.project.change_proof_checklist.exemptions
cairn/specs/project/spec.md	project	accepted-implementation-unestablished	molten.project.change_proof_checklist.fixtures
cairn/specs/project/spec.md	project	accepted-implementation-unestablished	molten.project.change_proof_checklist.hegel_when_core
cairn/specs/project/spec.md	project	accepted-implementation-unestablished	molten.project.change_proof_checklist.release_review
cairn/specs/project/spec.md	project	accepted-implementation-unestablished	molten.project.change_proof_checklist.required_fields
cairn/specs/project/spec.md	project	accepted-implementation-unestablished	molten.project.change_proof_checklist.traceability_update
cairn/specs/project/spec.md	project	accepted-implementation-unestablished	molten.project.clippy_gate.current_warning_free
cairn/specs/project/spec.md	project	accepted-implementation-unestablished	molten.project.contract_diagnostics.locality
cairn/specs/project/spec.md	project	accepted-implementation-unestablished	molten.project.contract_diagnostics.no_validation_weakening
cairn/specs/project/spec.md	project	accepted-implementation-unestablished	molten.project.dependencies
cairn/specs/project/spec.md	project	accepted-implementation-unestablished	molten.project.dependencies.inspect
cairn/specs/project/spec.md	project	accepted-implementation-unestablished	molten.project.license_boundary.documentation
cairn/specs/project/spec.md	project	accepted-implementation-unestablished	molten.project.license_boundary.final_validation
cairn/specs/project/spec.md	project	accepted-implementation-unestablished	molten.project.license_boundary.generated_metadata
cairn/specs/project/spec.md	project	accepted-implementation-unestablished	molten.project.license_boundary.license_artifacts
cairn/specs/project/spec.md	project	accepted-implementation-unestablished	molten.project.license_boundary.package_metadata
cairn/specs/project/spec.md	project	accepted-implementation-unestablished	molten.project.modularity.default_compatibility
cairn/specs/project/spec.md	project	accepted-implementation-unestablished	molten.project.modularity.dependency_classes
cairn/specs/project/spec.md	project	accepted-implementation-unestablished	molten.project.modularity.dependency_tests
cairn/specs/project/spec.md	project	accepted-implementation-unestablished	molten.project.modularity.minimal_core_build
cairn/specs/project/spec.md	project	accepted-implementation-unestablished	molten.project.nickel_contract_prelude.authoring_boundary
cairn/specs/project/spec.md	project	accepted-implementation-unestablished	molten.project.nickel_contract_prelude.shared_helpers
cairn/specs/project/spec.md	project	accepted-implementation-unestablished	molten.project.policy_boundary.fresh_generated_policy
cairn/specs/project/spec.md	project	accepted-implementation-unestablished	molten.project.policy_boundary.layered_policy
cairn/specs/project/spec.md	project	accepted-implementation-unestablished	molten.project.policy_boundary.runtime_no_live_tooling
cairn/specs/project/spec.md	project	accepted-implementation-unestablished	molten.project.policy_boundary.tests
cairn/specs/project/spec.md	project	accepted-implementation-unestablished	molten.project.reproducible_dependencies.exact_pins
cairn/specs/project/spec.md	project	accepted-implementation-unestablished	molten.project.reproducible_dependencies.final_validation
cairn/specs/project/spec.md	project	accepted-implementation-unestablished	molten.project.reproducible_dependencies.flake_check_ci
cairn/specs/project/spec.md	project	accepted-implementation-unestablished	molten.project.scaffold
cairn/specs/project/spec.md	project	accepted-implementation-unestablished	molten.project.scaffold.test
cairn/specs/project/spec.md	shared_bounded_sinks	accepted-implementation-unestablished	molten.shared_bounded_sinks.checked_counts
cairn/specs/project/spec.md	shared_bounded_sinks	accepted-implementation-unestablished	molten.shared_bounded_sinks.diagnostic_sink
cairn/specs/project/spec.md	shared_bounded_sinks	accepted-implementation-unestablished	molten.shared_bounded_sinks.hash_stability
cairn/specs/project/spec.md	shared_bounded_sinks	accepted-implementation-unestablished	molten.shared_bounded_sinks.migration
cairn/specs/project/spec.md	shared_bounded_sinks	accepted-implementation-unestablished	molten.shared_bounded_sinks.negative_bounds
cairn/specs/remote-artifact-sync/spec.md	remote_execution	accepted-implementation-unestablished	molten.remote_execution.handler_profile_capability_binding
cairn/specs/remote-artifact-sync/spec.md	remote_execution	accepted-implementation-unestablished	molten.remote_execution.no_mobile_closure_boundary
cairn/specs/remote-artifact-sync/spec.md	remote_execution	accepted-implementation-unestablished	molten.remote_execution.receiver_closure_admission
cairn/specs/remote-artifact-sync/spec.md	remote_execution	accepted-implementation-unestablished	molten.remote_execution.ref_request_envelope
cairn/specs/remote-artifact-sync/spec.md	remote_execution	accepted-implementation-unestablished	molten.remote_execution.validation
cairn/specs/remote-artifact-sync/spec.md	remote_sync	accepted-implementation-unestablished	molten.remote_sync.cache_index
cairn/specs/remote-artifact-sync/spec.md	remote_sync	accepted-implementation-unestablished	molten.remote_sync.closure_descriptor
cairn/specs/remote-artifact-sync/spec.md	remote_sync	accepted-implementation-unestablished	molten.remote_sync.deterministic_traversal_descriptor
cairn/specs/remote-artifact-sync/spec.md	remote_sync	accepted-implementation-unestablished	molten.remote_sync.execution_envelope
cairn/specs/remote-artifact-sync/spec.md	remote_sync	accepted-implementation-unestablished	molten.remote_sync.external_digest_mapping
cairn/specs/remote-artifact-sync/spec.md	remote_sync	accepted-implementation-unestablished	molten.remote_sync.fetch_receipts
cairn/specs/remote-artifact-sync/spec.md	remote_sync	accepted-implementation-unestablished	molten.remote_sync.gc_safety
cairn/specs/remote-artifact-sync/spec.md	remote_sync	accepted-implementation-unestablished	molten.remote_sync.handler_binding
cairn/specs/remote-artifact-sync/spec.md	remote_sync	accepted-implementation-unestablished	molten.remote_sync.hash_verify
cairn/specs/remote-artifact-sync/spec.md	remote_sync	accepted-implementation-unestablished	molten.remote_sync.incomplete_reject
cairn/specs/remote-artifact-sync/spec.md	remote_sync	accepted-implementation-unestablished	molten.remote_sync.install_admission
cairn/specs/remote-artifact-sync/spec.md	remote_sync	accepted-implementation-unestablished	molten.remote_sync.iroh_fetch
cairn/specs/remote-artifact-sync/spec.md	remote_sync	accepted-implementation-unestablished	molten.remote_sync.loopback_executor
cairn/specs/remote-artifact-sync/spec.md	remote_sync	accepted-implementation-unestablished	molten.remote_sync.missing_set
cairn/specs/remote-artifact-sync/spec.md	remote_sync	accepted-implementation-unestablished	molten.remote_sync.no_mobile_closures
cairn/specs/remote-artifact-sync/spec.md	remote_sync	accepted-implementation-unestablished	molten.remote_sync.property_tests
cairn/specs/remote-artifact-sync/spec.md	remote_sync	accepted-implementation-unestablished	molten.remote_sync.replay_bounds
cairn/specs/remote-artifact-sync/spec.md	remote_sync	accepted-implementation-unestablished	molten.remote_sync.result_envelope
cairn/specs/remote-artifact-sync/spec.md	remote_sync	accepted-implementation-unestablished	molten.remote_sync.transport_neutral
cairn/specs/remote-artifact-sync/spec.md	remote_sync	accepted-implementation-unestablished	molten.remote_sync.traversal_missing_set
cairn/specs/remote-artifact-sync/spec.md	remote_sync	accepted-implementation-unestablished	molten.remote_sync.traversal_receipts
cairn/specs/resource-governance-backpressure/spec.md	resources	accepted-implementation-unestablished	molten.resources.assertion_bounds
cairn/specs/resource-governance-backpressure/spec.md	resources	accepted-implementation-unestablished	molten.resources.backpressure_tests
cairn/specs/resource-governance-backpressure/spec.md	resources	accepted-implementation-unestablished	molten.resources.blob_storage_network
cairn/specs/resource-governance-backpressure/spec.md	resources	accepted-implementation-unestablished	molten.resources.grant_model
cairn/specs/resource-governance-backpressure/spec.md	resources	accepted-implementation-unestablished	molten.resources.job_dag_planning
cairn/specs/resource-governance-backpressure/spec.md	resources	accepted-implementation-unestablished	molten.resources.kinds
cairn/specs/resource-governance-backpressure/spec.md	resources	accepted-implementation-unestablished	molten.resources.limit_profiles.bounded_selection
cairn/specs/resource-governance-backpressure/spec.md	resources	accepted-implementation-unestablished	molten.resources.limit_profiles.pure_core
cairn/specs/resource-governance-backpressure/spec.md	resources	accepted-implementation-unestablished	molten.resources.limit_profiles.receipt_binding
cairn/specs/resource-governance-backpressure/spec.md	resources	accepted-implementation-unestablished	molten.resources.limit_profiles.units_coherence
cairn/specs/resource-governance-backpressure/spec.md	resources	accepted-implementation-unestablished	molten.resources.mailbox_bounds
cairn/specs/resource-governance-backpressure/spec.md	resources	accepted-implementation-unestablished	molten.resources.no_data_authority
cairn/specs/resource-governance-backpressure/spec.md	resources	accepted-implementation-unestablished	molten.resources.property_tests
cairn/specs/resource-governance-backpressure/spec.md	resources	accepted-implementation-unestablished	molten.resources.receipts
cairn/specs/resource-governance-backpressure/spec.md	resources	accepted-implementation-unestablished	molten.resources.replay_tests
cairn/specs/resource-governance-backpressure/spec.md	resources	accepted-implementation-unestablished	molten.resources.revocation_tests
cairn/specs/resource-governance-backpressure/spec.md	resources	accepted-implementation-unestablished	molten.resources.scheduler_fairness
cairn/specs/resource-governance-backpressure/spec.md	resources	accepted-implementation-unestablished	molten.resources.steel_native_budgets
cairn/specs/resource-governance-backpressure/spec.md	resources	accepted-implementation-unestablished	molten.resources.turn_budgets
cairn/specs/resource-governance-backpressure/spec.md	resources	accepted-implementation-unestablished	molten.resources.wasmtime_fuel
cairn/specs/runtime-patterns/spec.md	external_live_pilot_soak	accepted-implementation-unestablished	molten.external_live_pilot_soak.network_resource_bounds
cairn/specs/runtime-patterns/spec.md	external_live_pilot_soak	accepted-implementation-unestablished	molten.external_live_pilot_soak.retention_readback_boundary
cairn/specs/runtime-patterns/spec.md	external_live_pilot_soak	accepted-implementation-unestablished	molten.external_live_pilot_soak.validation
cairn/specs/runtime-patterns/spec.md	haskell_patterns	accepted-implementation-unestablished	molten.haskell_patterns.adapter_law_conformance
cairn/specs/runtime-patterns/spec.md	haskell_patterns	accepted-implementation-unestablished	molten.haskell_patterns.effect_capability_handlers
cairn/specs/runtime-patterns/spec.md	haskell_patterns	accepted-implementation-unestablished	molten.haskell_patterns.effect_reserve_commit_abort
cairn/specs/runtime-patterns/spec.md	haskell_patterns	accepted-implementation-unestablished	molten.haskell_patterns.golden_canonical_traces
cairn/specs/runtime-patterns/spec.md	haskell_patterns	accepted-implementation-unestablished	molten.haskell_patterns.handler_profile_tests
cairn/specs/runtime-patterns/spec.md	haskell_patterns	accepted-implementation-unestablished	molten.haskell_patterns.hegel_proof_properties.canonical_ref_stability
cairn/specs/runtime-patterns/spec.md	haskell_patterns	accepted-implementation-unestablished	molten.haskell_patterns.hegel_proof_properties.catalog
cairn/specs/runtime-patterns/spec.md	haskell_patterns	accepted-implementation-unestablished	molten.haskell_patterns.hegel_proof_properties.coverage_manifest
cairn/specs/runtime-patterns/spec.md	haskell_patterns	accepted-implementation-unestablished	molten.haskell_patterns.hegel_proof_properties.deny_monotonicity
cairn/specs/runtime-patterns/spec.md	haskell_patterns	accepted-implementation-unestablished	molten.haskell_patterns.hegel_proof_properties.diagnostic_nonpass_law
cairn/specs/runtime-patterns/spec.md	haskell_patterns	accepted-implementation-unestablished	molten.haskell_patterns.hegel_proof_properties.docs
cairn/specs/runtime-patterns/spec.md	haskell_patterns	accepted-implementation-unestablished	molten.haskell_patterns.hegel_proof_properties.replay_ref_law
cairn/specs/runtime-patterns/spec.md	haskell_patterns	accepted-implementation-unestablished	molten.haskell_patterns.hegel_proof_properties.shrink_fixture_receipts
cairn/specs/runtime-patterns/spec.md	haskell_patterns	accepted-implementation-unestablished	molten.haskell_patterns.hegel_proof_properties.traceability_decision_law
cairn/specs/runtime-patterns/spec.md	haskell_patterns	accepted-implementation-unestablished	molten.haskell_patterns.newtype_authority
cairn/specs/runtime-patterns/spec.md	haskell_patterns	accepted-implementation-unestablished	molten.haskell_patterns.no_type_authority_confusion
cairn/specs/runtime-patterns/spec.md	haskell_patterns	accepted-implementation-unestablished	molten.haskell_patterns.optic_redaction_diff
cairn/specs/runtime-patterns/spec.md	haskell_patterns	accepted-implementation-unestablished	molten.haskell_patterns.parser_combinator_dsls
cairn/specs/runtime-patterns/spec.md	haskell_patterns	accepted-implementation-unestablished	molten.haskell_patterns.property_laws
cairn/specs/runtime-patterns/spec.md	haskell_patterns	accepted-implementation-unestablished	molten.haskell_patterns.pure_core_effect_shell
cairn/specs/runtime-patterns/spec.md	haskell_patterns	accepted-implementation-unestablished	molten.haskell_patterns.pure_transition_tests
cairn/specs/runtime-patterns/spec.md	haskell_patterns	accepted-implementation-unestablished	molten.haskell_patterns.redaction_diff_tests
cairn/specs/runtime-patterns/spec.md	haskell_patterns	accepted-implementation-unestablished	molten.haskell_patterns.reference_boundary
cairn/specs/runtime-patterns/spec.md	haskell_patterns	accepted-implementation-unestablished	molten.haskell_patterns.schema_versioning
cairn/specs/runtime-patterns/spec.md	haskell_patterns	accepted-implementation-unestablished	molten.haskell_patterns.shrink_replay_fixtures
cairn/specs/runtime-patterns/spec.md	haskell_patterns	accepted-implementation-unestablished	molten.haskell_patterns.strictness_resource_guards
cairn/specs/runtime-patterns/spec.md	haskell_patterns	accepted-implementation-unestablished	molten.haskell_patterns.transaction_rollback_tests
cairn/specs/runtime-patterns/spec.md	haskell_patterns	accepted-implementation-unestablished	molten.haskell_patterns.transactional_turns
cairn/specs/runtime-patterns/spec.md	haskell_patterns	accepted-implementation-unestablished	molten.haskell_patterns.typed_protocol_state
cairn/specs/runtime-patterns/spec.md	prod_soak	accepted-implementation-unestablished	molten.prod_soak.network_diagnostics_observability
cairn/specs/runtime-spine/spec.md	blob_ref_jobs	accepted-implementation-unestablished	molten.blob_ref_jobs.job_dag_integration
cairn/specs/runtime-spine/spec.md	blob_ref_jobs	accepted-implementation-unestablished	molten.blob_ref_jobs.replay_integration
cairn/specs/runtime-spine/spec.md	blob_ref_jobs	accepted-implementation-unestablished	molten.blob_ref_jobs.status_assertions
cairn/specs/runtime-spine/spec.md	boundary_schema_contract_identity	accepted-implementation-unestablished	molten.boundary_schema_contract_identity.compatibility_note
cairn/specs/runtime-spine/spec.md	boundary_schema_contract_identity	accepted-implementation-unestablished	molten.boundary_schema_contract_identity.full_contract_ref
cairn/specs/runtime-spine/spec.md	boundary_schema_contract_identity	accepted-implementation-unestablished	molten.boundary_schema_contract_identity.receipt_binding
cairn/specs/runtime-spine/spec.md	boundary_schema_contract_identity	accepted-implementation-unestablished	molten.boundary_schema_contract_identity.stale_schema_denial
cairn/specs/runtime-spine/spec.md	capability_token	accepted-implementation-unestablished	molten.capability_token.subsystem_boundary
cairn/specs/runtime-spine/spec.md	coordination_control_plane_ux	accepted-implementation-unestablished	molten.coordination_control_plane_ux.apply_batch_cli
cairn/specs/runtime-spine/spec.md	coordination_control_plane_ux	accepted-implementation-unestablished	molten.coordination_control_plane_ux.apply_report
cairn/specs/runtime-spine/spec.md	coordination_control_plane_ux	accepted-implementation-unestablished	molten.coordination_control_plane_ux.cli_tests
cairn/specs/runtime-spine/spec.md	coordination_control_plane_ux	accepted-implementation-unestablished	molten.coordination_control_plane_ux.docs
cairn/specs/runtime-spine/spec.md	coordination_control_plane_ux	accepted-implementation-unestablished	molten.coordination_control_plane_ux.idempotent_replay
cairn/specs/runtime-spine/spec.md	coordination_control_plane_ux	accepted-implementation-unestablished	molten.coordination_control_plane_ux.manifest_request_cli
cairn/specs/runtime-spine/spec.md	coordination_control_plane_ux	accepted-implementation-unestablished	molten.coordination_control_plane_ux.readonly_show
cairn/specs/runtime-spine/spec.md	determinism	accepted-implementation-unestablished	molten.determinism.central_law
cairn/specs/runtime-spine/spec.md	determinism	accepted-implementation-unestablished	molten.determinism.chaos_schedule
cairn/specs/runtime-spine/spec.md	determinism	accepted-implementation-unestablished	molten.determinism.divergence_tests
cairn/specs/runtime-spine/spec.md	determinism	accepted-implementation-unestablished	molten.determinism.effect_boundary
cairn/specs/runtime-spine/spec.md	determinism	accepted-implementation-unestablished	molten.determinism.eval_cache_integration
cairn/specs/runtime-spine/spec.md	determinism	accepted-implementation-unestablished	molten.determinism.first_divergence
cairn/specs/runtime-spine/spec.md	determinism	accepted-implementation-unestablished	molten.determinism.handler_profiles
cairn/specs/runtime-spine/spec.md	determinism	accepted-implementation-unestablished	molten.determinism.identity_inputs
cairn/specs/runtime-spine/spec.md	determinism	accepted-implementation-unestablished	molten.determinism.job_dag_integration
cairn/specs/runtime-spine/spec.md	determinism	accepted-implementation-unestablished	molten.determinism.logical_clock
cairn/specs/runtime-spine/spec.md	determinism	accepted-implementation-unestablished	molten.determinism.no_ambient_nondeterminism
cairn/specs/runtime-spine/spec.md	determinism	accepted-implementation-unestablished	molten.determinism.no_ambient_tests
cairn/specs/runtime-spine/spec.md	determinism	accepted-implementation-unestablished	molten.determinism.property_tests
cairn/specs/runtime-spine/spec.md	determinism	accepted-implementation-unestablished	molten.determinism.random_clock_replay_test
cairn/specs/runtime-spine/spec.md	determinism	accepted-implementation-unestablished	molten.determinism.record_profile
cairn/specs/runtime-spine/spec.md	determinism	accepted-implementation-unestablished	molten.determinism.remote_sync_integration
cairn/specs/runtime-spine/spec.md	determinism	accepted-implementation-unestablished	molten.determinism.replay_algorithm
cairn/specs/runtime-spine/spec.md	determinism	accepted-implementation-unestablished	molten.determinism.replay_fixture.cli
cairn/specs/runtime-spine/spec.md	determinism	accepted-implementation-unestablished	molten.determinism.replay_fixture.first_divergence
cairn/specs/runtime-spine/spec.md	determinism	accepted-implementation-unestablished	molten.determinism.replay_fixture.identity
cairn/specs/runtime-spine/spec.md	determinism	accepted-implementation-unestablished	molten.determinism.replay_fixture.no_live_effects
cairn/specs/runtime-spine/spec.md	determinism	accepted-implementation-unestablished	molten.determinism.replay_fixture.record
cairn/specs/runtime-spine/spec.md	determinism	accepted-implementation-unestablished	molten.determinism.replay_fixture.tests
cairn/specs/runtime-spine/spec.md	determinism	accepted-implementation-unestablished	molten.determinism.replay_fixture.verify
cairn/specs/runtime-spine/spec.md	determinism	accepted-implementation-unestablished	molten.determinism.replay_profile
cairn/specs/runtime-spine/spec.md	determinism	accepted-implementation-unestablished	molten.determinism.scheduler
cairn/specs/runtime-spine/spec.md	determinism	accepted-implementation-unestablished	molten.determinism.seeded_random
cairn/specs/runtime-spine/spec.md	determinism	accepted-implementation-unestablished	molten.determinism.snapshot_model
cairn/specs/runtime-spine/spec.md	determinism	accepted-implementation-unestablished	molten.determinism.state_hashes
cairn/specs/runtime-spine/spec.md	determinism	accepted-implementation-unestablished	molten.determinism.storage_integration
cairn/specs/runtime-spine/spec.md	determinism	accepted-implementation-unestablished	molten.determinism.trace_privacy
cairn/specs/runtime-spine/spec.md	determinism	accepted-implementation-unestablished	molten.determinism.transcript_integration
cairn/specs/runtime-spine/spec.md	determinism	accepted-implementation-unestablished	molten.determinism.turn_commit
cairn/specs/runtime-spine/spec.md	determinism	accepted-implementation-unestablished	molten.determinism.turn_journal
cairn/specs/runtime-spine/spec.md	determinism	accepted-implementation-unestablished	molten.determinism.two_actor_replay_test
cairn/specs/runtime-spine/spec.md	determinism	accepted-implementation-unestablished	molten.determinism.upgrade_gate
cairn/specs/runtime-spine/spec.md	determinism	accepted-implementation-unestablished	molten.determinism.vat_generic_replay.bind_divergence
cairn/specs/runtime-spine/spec.md	determinism	accepted-implementation-unestablished	molten.determinism.vat_generic_replay.bind_verify
cairn/specs/runtime-spine/spec.md	determinism	accepted-implementation-unestablished	molten.determinism.vat_generic_replay.keep_vat_local
cairn/specs/runtime-spine/spec.md	determinism	accepted-implementation-unestablished	molten.determinism.vat_generic_replay.tests
cairn/specs/runtime-spine/spec.md	effects	accepted-implementation-unestablished	molten.effects.ability_manifest_boundary
cairn/specs/runtime-spine/spec.md	effects	accepted-implementation-unestablished	molten.effects.artifact_link
cairn/specs/runtime-spine/spec.md	effects	accepted-implementation-unestablished	molten.effects.binding_receipts
cairn/specs/runtime-spine/spec.md	effects	accepted-implementation-unestablished	molten.effects.blob_handlers
cairn/specs/runtime-spine/spec.md	effects	accepted-implementation-unestablished	molten.effects.chaos_profile
cairn/specs/runtime-spine/spec.md	effects	accepted-implementation-unestablished	molten.effects.dataspace_handlers
cairn/specs/runtime-spine/spec.md	effects	accepted-implementation-unestablished	molten.effects.effect_ids
cairn/specs/runtime-spine/spec.md	effects	accepted-implementation-unestablished	molten.effects.handler_profile_admission
cairn/specs/runtime-spine/spec.md	effects	accepted-implementation-unestablished	molten.effects.handler_profiles
cairn/specs/runtime-spine/spec.md	effects	accepted-implementation-unestablished	molten.effects.manifest_model
cairn/specs/runtime-spine/spec.md	effects	accepted-implementation-unestablished	molten.effects.no_unison_runtime
cairn/specs/runtime-spine/spec.md	effects	accepted-implementation-unestablished	molten.effects.profile_replay_binding
cairn/specs/runtime-spine/spec.md	effects	accepted-implementation-unestablished	molten.effects.profiling_profile
cairn/specs/runtime-spine/spec.md	effects	accepted-implementation-unestablished	molten.effects.property_tests
cairn/specs/runtime-spine/spec.md	effects	accepted-implementation-unestablished	molten.effects.request_envelope
cairn/specs/runtime-spine/spec.md	effects	accepted-implementation-unestablished	molten.effects.steel_api_gate
cairn/specs/runtime-spine/spec.md	effects	accepted-implementation-unestablished	molten.effects.storage_handlers
cairn/specs/runtime-spine/spec.md	effects	accepted-implementation-unestablished	molten.effects.time_random_handlers
cairn/specs/runtime-spine/spec.md	effects	accepted-implementation-unestablished	molten.effects.transcript_tests
cairn/specs/runtime-spine/spec.md	effects	accepted-implementation-unestablished	molten.effects.undeclared_effect_denial
cairn/specs/runtime-spine/spec.md	effects	accepted-implementation-unestablished	molten.effects.unison_adaptation_validation
cairn/specs/runtime-spine/spec.md	effects	accepted-implementation-unestablished	molten.effects.wasmtime_hostcall_gate
cairn/specs/runtime-spine/spec.md	eventual_surface	accepted-implementation-unestablished	molten.eventual_surface.diagnostics
cairn/specs/runtime-spine/spec.md	eventual_surface	accepted-implementation-unestablished	molten.eventual_surface.manifest
cairn/specs/runtime-spine/spec.md	eventual_surface	accepted-implementation-unestablished	molten.eventual_surface.merge_law
cairn/specs/runtime-spine/spec.md	eventual_surface	accepted-implementation-unestablished	molten.eventual_surface.not_consensus
cairn/specs/runtime-spine/spec.md	eventual_surface	accepted-implementation-unestablished	molten.eventual_surface.positive_negative_tests
cairn/specs/runtime-spine/spec.md	eventual_surface	accepted-implementation-unestablished	molten.eventual_surface.replay_boundary
cairn/specs/runtime-spine/spec.md	iroh_sam_dataspace	accepted-implementation-unestablished	molten.iroh_sam_dataspace.apply_assert_retract
cairn/specs/runtime-spine/spec.md	iroh_sam_dataspace	accepted-implementation-unestablished	molten.iroh_sam_dataspace.apply_assert_retract.observe
cairn/specs/runtime-spine/spec.md	iroh_sam_dataspace	accepted-implementation-unestablished	molten.iroh_sam_dataspace.apply_message_observe
cairn/specs/runtime-spine/spec.md	iroh_sam_dataspace	accepted-implementation-unestablished	molten.iroh_sam_dataspace.apply_message_observe.observe
cairn/specs/runtime-spine/spec.md	iroh_sam_dataspace	accepted-implementation-unestablished	molten.iroh_sam_dataspace.content_ref_validation
cairn/specs/runtime-spine/spec.md	iroh_sam_dataspace	accepted-implementation-unestablished	molten.iroh_sam_dataspace.content_ref_validation.tampered
cairn/specs/runtime-spine/spec.md	iroh_sam_dataspace	accepted-implementation-unestablished	molten.iroh_sam_dataspace.envelope_dto
cairn/specs/runtime-spine/spec.md	iroh_sam_dataspace	accepted-implementation-unestablished	molten.iroh_sam_dataspace.envelope_dto.assertion
cairn/specs/runtime-spine/spec.md	iroh_sam_dataspace	accepted-implementation-unestablished	molten.iroh_sam_dataspace.live_iroh_gossip
cairn/specs/runtime-spine/spec.md	iroh_sam_dataspace	accepted-implementation-unestablished	molten.iroh_sam_dataspace.live_iroh_gossip.same_shape
cairn/specs/runtime-spine/spec.md	iroh_sam_dataspace	accepted-implementation-unestablished	molten.iroh_sam_dataspace.local_gossip_publish
cairn/specs/runtime-spine/spec.md	iroh_sam_dataspace	accepted-implementation-unestablished	molten.iroh_sam_dataspace.local_gossip_publish.roundtrip
cairn/specs/runtime-spine/spec.md	iroh_sam_dataspace	accepted-implementation-unestablished	molten.iroh_sam_dataspace.recorded_delivery_log
cairn/specs/runtime-spine/spec.md	iroh_sam_dataspace	accepted-implementation-unestablished	molten.iroh_sam_dataspace.recorded_delivery_log.replay
cairn/specs/runtime-spine/spec.md	iroh_sam_dataspace	accepted-implementation-unestablished	molten.iroh_sam_dataspace.transport_not_authority
cairn/specs/runtime-spine/spec.md	iroh_sam_dataspace	accepted-implementation-unestablished	molten.iroh_sam_dataspace.transport_not_authority.not_enough
cairn/specs/runtime-spine/spec.md	iroh_sam_dataspace	accepted-implementation-unestablished	molten.iroh_sam_dataspace.transport_receipt_dto
cairn/specs/runtime-spine/spec.md	iroh_sam_dataspace	accepted-implementation-unestablished	molten.iroh_sam_dataspace.transport_receipt_dto.publish
cairn/specs/runtime-spine/spec.md	lifecycle	accepted-implementation-unestablished	molten.lifecycle.cleanup_idempotent
cairn/specs/runtime-spine/spec.md	lifecycle	accepted-implementation-unestablished	molten.lifecycle.cleanup_tests
cairn/specs/runtime-spine/spec.md	lifecycle	accepted-implementation-unestablished	molten.lifecycle.failure_tests
cairn/specs/runtime-spine/spec.md	lifecycle	accepted-implementation-unestablished	molten.lifecycle.links_monitors
cairn/specs/runtime-spine/spec.md	lifecycle	accepted-implementation-unestablished	molten.lifecycle.no_otp_compat
cairn/specs/runtime-spine/spec.md	lifecycle	accepted-implementation-unestablished	molten.lifecycle.one_shot_effects
cairn/specs/runtime-spine/spec.md	lifecycle	accepted-implementation-unestablished	molten.lifecycle.property_tests
cairn/specs/runtime-spine/spec.md	lifecycle	accepted-implementation-unestablished	molten.lifecycle.restart_tests
cairn/specs/runtime-spine/spec.md	lifecycle	accepted-implementation-unestablished	molten.lifecycle.restart_windows
cairn/specs/runtime-spine/spec.md	lifecycle	accepted-implementation-unestablished	molten.lifecycle.scope_cleanup
cairn/specs/runtime-spine/spec.md	lifecycle	accepted-implementation-unestablished	molten.lifecycle.service_assertions
cairn/specs/runtime-spine/spec.md	lifecycle	accepted-implementation-unestablished	molten.lifecycle.state_model
cairn/specs/runtime-spine/spec.md	lifecycle	accepted-implementation-unestablished	molten.lifecycle.supervisors
cairn/specs/runtime-spine/spec.md	lifecycle	accepted-implementation-unestablished	molten.lifecycle.trace_events
cairn/specs/runtime-spine/spec.md	lifecycle	accepted-implementation-unestablished	molten.lifecycle.transition_receipts
cairn/specs/runtime-spine/spec.md	lifecycle	accepted-implementation-unestablished	molten.lifecycle.turn_failure
cairn/specs/runtime-spine/spec.md	modularity	accepted-implementation-unestablished	molten.modularity.adapter_ports.admission_before_effects
cairn/specs/runtime-spine/spec.md	modularity	accepted-implementation-unestablished	molten.modularity.adapter_ports.effect_receipts
cairn/specs/runtime-spine/spec.md	modularity	accepted-implementation-unestablished	molten.modularity.adapter_ports.explicit_ports
cairn/specs/runtime-spine/spec.md	modularity	accepted-implementation-unestablished	molten.modularity.adapter_ports.tests
cairn/specs/runtime-spine/spec.md	modularity	accepted-implementation-unestablished	molten.modularity.codec_facades.dependency_direction
cairn/specs/runtime-spine/spec.md	modularity	accepted-implementation-unestablished	molten.modularity.codec_facades.domain_owned
cairn/specs/runtime-spine/spec.md	modularity	accepted-implementation-unestablished	molten.modularity.codec_facades.identity_preserving
cairn/specs/runtime-spine/spec.md	modularity	accepted-implementation-unestablished	molten.modularity.codec_facades.parser_symmetry
cairn/specs/runtime-spine/spec.md	operator_dogfood_retention_gc	accepted-implementation-unestablished	molten.operator_dogfood_retention_gc.evidence_only
cairn/specs/runtime-spine/spec.md	operator_dogfood_retention_gc	accepted-implementation-unestablished	molten.operator_dogfood_retention_gc.release_gate
cairn/specs/runtime-spine/spec.md	operator_dogfood_retention_gc	accepted-implementation-unestablished	molten.operator_dogfood_retention_gc.tests
cairn/specs/runtime-spine/spec.md	operator_dogfood_retention_gc	accepted-implementation-unestablished	molten.operator_dogfood_retention_gc.workflow
cairn/specs/runtime-spine/spec.md	peer_subscriber	accepted-implementation-unestablished	molten.peer_subscriber.egress_policy
cairn/specs/runtime-spine/spec.md	peer_subscriber	accepted-implementation-unestablished	molten.peer_subscriber.surface_projection
cairn/specs/runtime-spine/spec.md	peer_subscriber	accepted-implementation-unestablished	molten.peer_subscriber.validation
cairn/specs/runtime-spine/spec.md	preserves_boundary_field_contracts	accepted-implementation-unestablished	molten.preserves_boundary_field_contracts.high_risk_tightening
cairn/specs/runtime-spine/spec.md	preserves_boundary_field_contracts	accepted-implementation-unestablished	molten.preserves_boundary_field_contracts.semantic_boundary
cairn/specs/runtime-spine/spec.md	preserves_canonical_bytes	accepted-implementation-unestablished	molten.preserves_canonical_bytes.trust_boundaries
cairn/specs/runtime-spine/spec.md	preserves_content_ref	accepted-implementation-unestablished	molten.preserves_content_ref.dto_migration
cairn/specs/runtime-spine/spec.md	preserves_content_ref	accepted-implementation-unestablished	molten.preserves_content_ref.invalid_denials
cairn/specs/runtime-spine/spec.md	preserves_content_ref	accepted-implementation-unestablished	molten.preserves_content_ref.runtime_envelope
cairn/specs/runtime-spine/spec.md	preserves_content_ref	accepted-implementation-unestablished	molten.preserves_content_ref.shared_newtype
cairn/specs/runtime-spine/spec.md	preserves_rail_toolkit	accepted-implementation-unestablished	molten.preserves_rail_toolkit.hash_stability
cairn/specs/runtime-spine/spec.md	preserves_schema_boundaries	accepted-implementation-unestablished	molten.preserves_schema_boundaries.high_risk_records
cairn/specs/runtime-spine/spec.md	remote_dataspace_harness_cli	accepted-implementation-unestablished	molten.remote_dataspace_harness_cli.envelope_build
cairn/specs/runtime-spine/spec.md	remote_dataspace_harness_cli	accepted-implementation-unestablished	molten.remote_dataspace_harness_cli.envelope_build.assert
cairn/specs/runtime-spine/spec.md	remote_dataspace_harness_cli	accepted-implementation-unestablished	molten.remote_dataspace_harness_cli.example_fixture
cairn/specs/runtime-spine/spec.md	remote_dataspace_harness_cli	accepted-implementation-unestablished	molten.remote_dataspace_harness_cli.example_fixture.parses
cairn/specs/runtime-spine/spec.md	remote_dataspace_harness_cli	accepted-implementation-unestablished	molten.remote_dataspace_harness_cli.gate_command
cairn/specs/runtime-spine/spec.md	remote_dataspace_harness_cli	accepted-implementation-unestablished	molten.remote_dataspace_harness_cli.gate_command.non_replayable
cairn/specs/runtime-spine/spec.md	remote_dataspace_harness_cli	accepted-implementation-unestablished	molten.remote_dataspace_harness_cli.publish_deliver_local
cairn/specs/runtime-spine/spec.md	remote_dataspace_harness_cli	accepted-implementation-unestablished	molten.remote_dataspace_harness_cli.publish_deliver_local.roundtrip
cairn/specs/runtime-spine/spec.md	remote_dataspace_harness_cli	accepted-implementation-unestablished	molten.remote_dataspace_harness_cli.remote_subcommand
cairn/specs/runtime-spine/spec.md	remote_dataspace_harness_cli	accepted-implementation-unestablished	molten.remote_dataspace_harness_cli.remote_subcommand.parse
cairn/specs/runtime-spine/spec.md	remote_dataspace_harness_cli	accepted-implementation-unestablished	molten.remote_dataspace_harness_cli.run_two_peer
cairn/specs/runtime-spine/spec.md	remote_dataspace_harness_cli	accepted-implementation-unestablished	molten.remote_dataspace_harness_cli.run_two_peer.pass
cairn/specs/runtime-spine/spec.md	retention	accepted-implementation-unestablished	molten.retention.admission_receipt_diagnostics
cairn/specs/runtime-spine/spec.md	retention	accepted-implementation-unestablished	molten.retention.admission_tests
cairn/specs/runtime-spine/spec.md	retention	accepted-implementation-unestablished	molten.retention.apply_requires_authority
cairn/specs/runtime-spine/spec.md	retention	accepted-implementation-unestablished	molten.retention.bundle_export_profiles
cairn/specs/runtime-spine/spec.md	retention	accepted-implementation-unestablished	molten.retention.cache_pins
cairn/specs/runtime-spine/spec.md	retention	accepted-implementation-unestablished	molten.retention.candidate_bundle_export
cairn/specs/runtime-spine/spec.md	retention	accepted-implementation-unestablished	molten.retention.candidate_bundle_verify
cairn/specs/runtime-spine/spec.md	retention	accepted-implementation-unestablished	molten.retention.candidate_explain_ux
cairn/specs/runtime-spine/spec.md	retention	accepted-implementation-unestablished	molten.retention.chunk_gc_gate
cairn/specs/runtime-spine/spec.md	retention	accepted-implementation-unestablished	molten.retention.classes
cairn/specs/runtime-spine/spec.md	retention	accepted-implementation-unestablished	molten.retention.cli_evidence_flags
cairn/specs/runtime-spine/spec.md	retention	accepted-implementation-unestablished	molten.retention.compaction
cairn/specs/runtime-spine/spec.md	retention	accepted-implementation-unestablished	molten.retention.destructive_admission_gate
cairn/specs/runtime-spine/spec.md	retention	accepted-implementation-unestablished	molten.retention.destructive_evidence_inputs
cairn/specs/runtime-spine/spec.md	retention	accepted-implementation-unestablished	molten.retention.destructive_evidence_tests
cairn/specs/runtime-spine/spec.md	retention	accepted-implementation-unestablished	molten.retention.destructive_gate_tests
cairn/specs/runtime-spine/spec.md	retention	accepted-implementation-unestablished	molten.retention.eligibility_tests
cairn/specs/runtime-spine/spec.md	retention	accepted-implementation-unestablished	molten.retention.eval_cache_tombstone_gate
cairn/specs/runtime-spine/spec.md	retention	accepted-implementation-unestablished	molten.retention.evidence_admission_model
cairn/specs/runtime-spine/spec.md	retention	accepted-implementation-unestablished	molten.retention.evidence_scope_binding
cairn/specs/runtime-spine/spec.md	retention	accepted-implementation-unestablished	molten.retention.evidence_summary_receipts
cairn/specs/runtime-spine/spec.md	retention	accepted-implementation-unestablished	molten.retention.gc_apply_from_plan_ux
cairn/specs/runtime-spine/spec.md	retention	accepted-implementation-unestablished	molten.retention.gc_audit_catalog_search
cairn/specs/runtime-spine/spec.md	retention	accepted-implementation-unestablished	molten.retention.gc_audit_ux
cairn/specs/runtime-spine/spec.md	retention	accepted-implementation-unestablished	molten.retention.gc_eligibility
cairn/specs/runtime-spine/spec.md	retention	accepted-implementation-unestablished	molten.retention.gc_execution_gates
cairn/specs/runtime-spine/spec.md	retention	accepted-implementation-unestablished	molten.retention.gc_plan_dry_run_ux
cairn/specs/runtime-spine/spec.md	retention	accepted-implementation-unestablished	molten.retention.ledger_gc_gate
cairn/specs/runtime-spine/spec.md	retention	accepted-implementation-unestablished	molten.retention.no_name_gc
cairn/specs/runtime-spine/spec.md	retention	accepted-implementation-unestablished	molten.retention.operator_holds
cairn/specs/runtime-spine/spec.md	retention	accepted-implementation-unestablished	molten.retention.pin_model
cairn/specs/runtime-spine/spec.md	retention	accepted-implementation-unestablished	molten.retention.pin_tests
cairn/specs/runtime-spine/spec.md	retention	accepted-implementation-unestablished	molten.retention.property_tests
cairn/specs/runtime-spine/spec.md	retention	accepted-implementation-unestablished	molten.retention.receipts
cairn/specs/runtime-spine/spec.md	retention	accepted-implementation-unestablished	molten.retention.reference_index
cairn/specs/runtime-spine/spec.md	retention	accepted-implementation-unestablished	molten.retention.reference_index_plumbing
cairn/specs/runtime-spine/spec.md	retention	accepted-implementation-unestablished	molten.retention.remote_clearance_import_gate
cairn/specs/runtime-spine/spec.md	retention	accepted-implementation-unestablished	molten.retention.remote_clearance_live_cli
cairn/specs/runtime-spine/spec.md	retention	accepted-implementation-unestablished	molten.retention.remote_clearance_live_diagnostics
cairn/specs/runtime-spine/spec.md	retention	accepted-implementation-unestablished	molten.retention.remote_clearance_live_import_gate
cairn/specs/runtime-spine/spec.md	retention	accepted-implementation-unestablished	molten.retention.remote_clearance_live_multihost_diagnostics
cairn/specs/runtime-spine/spec.md	retention	accepted-implementation-unestablished	molten.retention.remote_clearance_live_multihost_import
cairn/specs/runtime-spine/spec.md	retention	accepted-implementation-unestablished	molten.retention.remote_clearance_live_multihost_import_gate
cairn/specs/runtime-spine/spec.md	retention	accepted-implementation-unestablished	molten.retention.remote_clearance_live_multihost_request
cairn/specs/runtime-spine/spec.md	retention	accepted-implementation-unestablished	molten.retention.remote_clearance_live_multihost_response
cairn/specs/runtime-spine/spec.md	retention	accepted-implementation-unestablished	molten.retention.remote_clearance_live_multihost_tests
cairn/specs/runtime-spine/spec.md	retention	accepted-implementation-unestablished	molten.retention.remote_clearance_live_tests
cairn/specs/runtime-spine/spec.md	retention	accepted-implementation-unestablished	molten.retention.remote_clearance_live_transport
cairn/specs/runtime-spine/spec.md	retention	accepted-implementation-unestablished	molten.retention.remote_clearance_live_two_node_harness
cairn/specs/runtime-spine/spec.md	retention	accepted-implementation-unestablished	molten.retention.remote_clearance_request_response
cairn/specs/runtime-spine/spec.md	retention	accepted-implementation-unestablished	molten.retention.remote_clearance_workflow_cli
cairn/specs/runtime-spine/spec.md	retention	accepted-implementation-unestablished	molten.retention.remote_clearance_workflow_diagnostics
cairn/specs/runtime-spine/spec.md	retention	accepted-implementation-unestablished	molten.retention.remote_clearance_workflow_tests
cairn/specs/runtime-spine/spec.md	retention	accepted-implementation-unestablished	molten.retention.remote_gc
cairn/specs/runtime-spine/spec.md	retention	accepted-implementation-unestablished	molten.retention.remote_gc_all_remotes
cairn/specs/runtime-spine/spec.md	retention	accepted-implementation-unestablished	molten.retention.remote_gc_clearance_receipts
cairn/specs/runtime-spine/spec.md	retention	accepted-implementation-unestablished	molten.retention.remote_gc_cli
cairn/specs/runtime-spine/spec.md	retention	accepted-implementation-unestablished	molten.retention.remote_gc_diagnostics
cairn/specs/runtime-spine/spec.md	retention	accepted-implementation-unestablished	molten.retention.remote_gc_reconciliation_gate
cairn/specs/runtime-spine/spec.md	retention	accepted-implementation-unestablished	molten.retention.remote_gc_reconciliation_tests
cairn/specs/runtime-spine/spec.md	retention	accepted-implementation-unestablished	molten.retention.secret_cleanup_gate
cairn/specs/runtime-spine/spec.md	retention	accepted-implementation-unestablished	molten.retention.secret_redaction_hook
cairn/specs/runtime-spine/spec.md	retention	accepted-implementation-unestablished	molten.retention.subsystem_receipt_refs
cairn/specs/runtime-spine/spec.md	retention	accepted-implementation-unestablished	molten.retention.tombstone_tests
cairn/specs/runtime-spine/spec.md	retention	accepted-implementation-unestablished	molten.retention.tombstones
cairn/specs/runtime-spine/spec.md	runtime	accepted-implementation-unestablished	molten.runtime.executor_hostcall_boundary.conformance
cairn/specs/runtime-spine/spec.md	runtime	accepted-implementation-unestablished	molten.runtime.executor_hostcall_boundary.envelopes
cairn/specs/runtime-spine/spec.md	runtime	accepted-implementation-unestablished	molten.runtime.executor_hostcall_boundary.shell_admission
cairn/specs/runtime-spine/spec.md	runtime_spine	accepted-implementation-unestablished	molten.runtime_spine.actormap_property_tests
cairn/specs/runtime-spine/spec.md	runtime_spine	accepted-implementation-unestablished	molten.runtime_spine.actormap_property_tests.rollback
cairn/specs/runtime-spine/spec.md	runtime_spine	accepted-implementation-unestablished	molten.runtime_spine.assertion_lifetimes
cairn/specs/runtime-spine/spec.md	runtime_spine	accepted-implementation-unestablished	molten.runtime_spine.authority_graph_inspection
cairn/specs/runtime-spine/spec.md	runtime_spine	accepted-implementation-unestablished	molten.runtime_spine.authority_graph_inspection.inspect
cairn/specs/runtime-spine/spec.md	runtime_spine	accepted-implementation-unestablished	molten.runtime_spine.basalt_contracts
cairn/specs/runtime-spine/spec.md	runtime_spine	accepted-implementation-unestablished	molten.runtime_spine.basalt_contracts.admit
cairn/specs/runtime-spine/spec.md	runtime_spine	accepted-implementation-unestablished	molten.runtime_spine.basalt_ucan_trace_denials
cairn/specs/runtime-spine/spec.md	runtime_spine	accepted-implementation-unestablished	molten.runtime_spine.basalt_ucan_verified_authority
cairn/specs/runtime-spine/spec.md	runtime_spine	accepted-implementation-unestablished	molten.runtime_spine.blob_refs
cairn/specs/runtime-spine/spec.md	runtime_spine	accepted-implementation-unestablished	molten.runtime_spine.blob_refs.declared
cairn/specs/runtime-spine/spec.md	runtime_spine	accepted-implementation-unestablished	molten.runtime_spine.cairn_receipts
cairn/specs/runtime-spine/spec.md	runtime_spine	accepted-implementation-unestablished	molten.runtime_spine.cairn_receipts.invalid
cairn/specs/runtime-spine/spec.md	runtime_spine	accepted-implementation-unestablished	molten.runtime_spine.canonical_content_refs.cleanup_tests
cairn/specs/runtime-spine/spec.md	runtime_spine	accepted-implementation-unestablished	molten.runtime_spine.canonical_content_refs.filename_readback
cairn/specs/runtime-spine/spec.md	runtime_spine	accepted-implementation-unestablished	molten.runtime_spine.canonical_content_refs.helper_construction
cairn/specs/runtime-spine/spec.md	runtime_spine	accepted-implementation-unestablished	molten.runtime_spine.canonical_content_refs.materialized_readback
cairn/specs/runtime-spine/spec.md	runtime_spine	accepted-implementation-unestablished	molten.runtime_spine.canonical_content_refs.migration
cairn/specs/runtime-spine/spec.md	runtime_spine	accepted-implementation-unestablished	molten.runtime_spine.canonical_content_refs.negative_tests
cairn/specs/runtime-spine/spec.md	runtime_spine	accepted-implementation-unestablished	molten.runtime_spine.canonical_content_refs.no_ad_hoc_formatting
cairn/specs/runtime-spine/spec.md	runtime_spine	accepted-implementation-unestablished	molten.runtime_spine.canonical_content_refs.node_control
cairn/specs/runtime-spine/spec.md	runtime_spine	accepted-implementation-unestablished	molten.runtime_spine.canonical_content_refs.not_trust
cairn/specs/runtime-spine/spec.md	runtime_spine	accepted-implementation-unestablished	molten.runtime_spine.canonical_content_refs.runtime_values
cairn/specs/runtime-spine/spec.md	runtime_spine	accepted-implementation-unestablished	molten.runtime_spine.canonical_content_refs.scoped_aliases
cairn/specs/runtime-spine/spec.md	runtime_spine	accepted-implementation-unestablished	molten.runtime_spine.canonical_content_refs.shape
cairn/specs/runtime-spine/spec.md	runtime_spine	accepted-implementation-unestablished	molten.runtime_spine.canonical_preserves
cairn/specs/runtime-spine/spec.md	runtime_spine	accepted-implementation-unestablished	molten.runtime_spine.canonical_preserves.stable_hash
cairn/specs/runtime-spine/spec.md	runtime_spine	accepted-implementation-unestablished	molten.runtime_spine.capability_attenuation
cairn/specs/runtime-spine/spec.md	runtime_spine	accepted-implementation-unestablished	molten.runtime_spine.cli
cairn/specs/runtime-spine/spec.md	runtime_spine	accepted-implementation-unestablished	molten.runtime_spine.cli.config_path
cairn/specs/runtime-spine/spec.md	runtime_spine	accepted-implementation-unestablished	molten.runtime_spine.config
cairn/specs/runtime-spine/spec.md	runtime_spine	accepted-implementation-unestablished	molten.runtime_spine.config.actor_subscription
cairn/specs/runtime-spine/spec.md	runtime_spine	accepted-implementation-unestablished	molten.runtime_spine.core_purity
cairn/specs/runtime-spine/spec.md	runtime_spine	accepted-implementation-unestablished	molten.runtime_spine.core_purity.no_adapters
cairn/specs/runtime-spine/spec.md	runtime_spine	accepted-implementation-unestablished	molten.runtime_spine.demand_driven_startup
cairn/specs/runtime-spine/spec.md	runtime_spine	accepted-implementation-unestablished	molten.runtime_spine.deny_by_default
cairn/specs/runtime-spine/spec.md	runtime_spine	accepted-implementation-unestablished	molten.runtime_spine.deny_by_default.missing_capability
cairn/specs/runtime-spine/spec.md	runtime_spine	accepted-implementation-unestablished	molten.runtime_spine.distributed_ref_lifetimes
cairn/specs/runtime-spine/spec.md	runtime_spine	accepted-implementation-unestablished	molten.runtime_spine.distributed_ref_lifetimes.disconnect
cairn/specs/runtime-spine/spec.md	runtime_spine	accepted-implementation-unestablished	molten.runtime_spine.distributed_ref_lifetimes.handoff
cairn/specs/runtime-spine/spec.md	runtime_spine	accepted-implementation-unestablished	molten.runtime_spine.docs_bridge
cairn/specs/runtime-spine/spec.md	runtime_spine	accepted-implementation-unestablished	molten.runtime_spine.docs_bridge.mutation_evidence
cairn/specs/runtime-spine/spec.md	runtime_spine	accepted-implementation-unestablished	molten.runtime_spine.envelope
cairn/specs/runtime-spine/spec.md	runtime_spine	accepted-implementation-unestablished	molten.runtime_spine.envelope.native_exchange
cairn/specs/runtime-spine/spec.md	runtime_spine	accepted-implementation-unestablished	molten.runtime_spine.error_boundary
cairn/specs/runtime-spine/spec.md	runtime_spine	accepted-implementation-unestablished	molten.runtime_spine.error_boundary.adapter_failure
cairn/specs/runtime-spine/spec.md	runtime_spine	accepted-implementation-unestablished	molten.runtime_spine.gatekeeper_resolver
cairn/specs/runtime-spine/spec.md	runtime_spine	accepted-implementation-unestablished	molten.runtime_spine.goblins_reference_boundary
cairn/specs/runtime-spine/spec.md	runtime_spine	accepted-implementation-unestablished	molten.runtime_spine.goblins_reference_boundary.no_compat
cairn/specs/runtime-spine/spec.md	runtime_spine	accepted-implementation-unestablished	molten.runtime_spine.integration_evidence
cairn/specs/runtime-spine/spec.md	runtime_spine	accepted-implementation-unestablished	molten.runtime_spine.integration_evidence.config_route
cairn/specs/runtime-spine/spec.md	runtime_spine	accepted-implementation-unestablished	molten.runtime_spine.interaction_tracing
cairn/specs/runtime-spine/spec.md	runtime_spine	accepted-implementation-unestablished	molten.runtime_spine.local_dataspace
cairn/specs/runtime-spine/spec.md	runtime_spine	accepted-implementation-unestablished	molten.runtime_spine.local_dataspace.subscription
cairn/specs/runtime-spine/spec.md	runtime_spine	accepted-implementation-unestablished	molten.runtime_spine.nickel_steel_contracts
cairn/specs/runtime-spine/spec.md	runtime_spine	accepted-implementation-unestablished	molten.runtime_spine.nickel_steel_contracts.dynamic_steel
cairn/specs/runtime-spine/spec.md	runtime_spine	accepted-implementation-unestablished	molten.runtime_spine.nickel_steel_contracts.static_nickel
cairn/specs/runtime-spine/spec.md	runtime_spine	accepted-implementation-unestablished	molten.runtime_spine.no_ambient_object_authority
cairn/specs/runtime-spine/spec.md	runtime_spine	accepted-implementation-unestablished	molten.runtime_spine.no_ambient_object_authority.clock
cairn/specs/runtime-spine/spec.md	runtime_spine	accepted-implementation-unestablished	molten.runtime_spine.object_capability_refs
cairn/specs/runtime-spine/spec.md	runtime_spine	accepted-implementation-unestablished	molten.runtime_spine.object_capability_refs.missing_ref
cairn/specs/runtime-spine/spec.md	runtime_spine	accepted-implementation-unestablished	molten.runtime_spine.object_capability_refs.preserves_descriptor
cairn/specs/runtime-spine/spec.md	runtime_spine	accepted-implementation-unestablished	molten.runtime_spine.object_upgrade
cairn/specs/runtime-spine/spec.md	runtime_spine	accepted-implementation-unestablished	molten.runtime_spine.object_upgrade.apply
cairn/specs/runtime-spine/spec.md	runtime_spine	accepted-implementation-unestablished	molten.runtime_spine.object_upgrade.missing
cairn/specs/runtime-spine/spec.md	runtime_spine	accepted-implementation-unestablished	molten.runtime_spine.observability
cairn/specs/runtime-spine/spec.md	runtime_spine	accepted-implementation-unestablished	molten.runtime_spine.observability.adapter_decision
cairn/specs/runtime-spine/spec.md	runtime_spine	accepted-implementation-unestablished	molten.runtime_spine.observe_patterns
cairn/specs/runtime-spine/spec.md	runtime_spine	accepted-implementation-unestablished	molten.runtime_spine.policy_gate
cairn/specs/runtime-spine/spec.md	runtime_spine	accepted-implementation-unestablished	molten.runtime_spine.policy_gate.receipt
cairn/specs/runtime-spine/spec.md	runtime_spine	accepted-implementation-unestablished	molten.runtime_spine.portable_encrypted_storage
cairn/specs/runtime-spine/spec.md	runtime_spine	accepted-implementation-unestablished	molten.runtime_spine.portable_encrypted_storage.encrypted
cairn/specs/runtime-spine/spec.md	runtime_spine	accepted-implementation-unestablished	molten.runtime_spine.portable_encrypted_storage.network_independent
cairn/specs/runtime-spine/spec.md	runtime_spine	accepted-implementation-unestablished	molten.runtime_spine.preserves_boundary_profile.contract
cairn/specs/runtime-spine/spec.md	runtime_spine	accepted-implementation-unestablished	molten.runtime_spine.preserves_boundary_profile.docs
cairn/specs/runtime-spine/spec.md	runtime_spine	accepted-implementation-unestablished	molten.runtime_spine.preserves_boundary_profile.docs.non_claims
cairn/specs/runtime-spine/spec.md	runtime_spine	accepted-implementation-unestablished	molten.runtime_spine.preserves_boundary_profile.final_validation
cairn/specs/runtime-spine/spec.md	runtime_spine	accepted-implementation-unestablished	molten.runtime_spine.preserves_boundary_profile.final_validation.fixtures
cairn/specs/runtime-spine/spec.md	runtime_spine	accepted-implementation-unestablished	molten.runtime_spine.preserves_boundary_profile.fixtures.negative
cairn/specs/runtime-spine/spec.md	runtime_spine	accepted-implementation-unestablished	molten.runtime_spine.preserves_boundary_profile.fixtures.positive
cairn/specs/runtime-spine/spec.md	runtime_spine	accepted-implementation-unestablished	molten.runtime_spine.preserves_boundary_profile.validation
cairn/specs/runtime-spine/spec.md	runtime_spine	accepted-implementation-unestablished	molten.runtime_spine.preserves_boundary_profile.validation.core_coupling
cairn/specs/runtime-spine/spec.md	runtime_spine	accepted-implementation-unestablished	molten.runtime_spine.preserves_comms
cairn/specs/runtime-spine/spec.md	runtime_spine	accepted-implementation-unestablished	molten.runtime_spine.preserves_comms.dataspace
cairn/specs/runtime-spine/spec.md	runtime_spine	accepted-implementation-unestablished	molten.runtime_spine.preserves_comms.large_payload
cairn/specs/runtime-spine/spec.md	runtime_spine	accepted-implementation-unestablished	molten.runtime_spine.preserves_comms.protocol_consensus
cairn/specs/runtime-spine/spec.md	runtime_spine	accepted-implementation-unestablished	molten.runtime_spine.preserves_patterns
cairn/specs/runtime-spine/spec.md	runtime_spine	accepted-implementation-unestablished	molten.runtime_spine.promise_pipelining
cairn/specs/runtime-spine/spec.md	runtime_spine	accepted-implementation-unestablished	molten.runtime_spine.promise_pipelining.bounds
cairn/specs/runtime-spine/spec.md	runtime_spine	accepted-implementation-unestablished	molten.runtime_spine.promise_pipelining.break
cairn/specs/runtime-spine/spec.md	runtime_spine	accepted-implementation-unestablished	molten.runtime_spine.promise_pipelining.forward
cairn/specs/runtime-spine/spec.md	runtime_spine	accepted-implementation-unestablished	molten.runtime_spine.promise_property_tests
cairn/specs/runtime-spine/spec.md	runtime_spine	accepted-implementation-unestablished	molten.runtime_spine.promise_property_tests.pipeline_order
cairn/specs/runtime-spine/spec.md	runtime_spine	accepted-implementation-unestablished	molten.runtime_spine.promise_vows
cairn/specs/runtime-spine/spec.md	runtime_spine	accepted-implementation-unestablished	molten.runtime_spine.promise_vows.failure
cairn/specs/runtime-spine/spec.md	runtime_spine	accepted-implementation-unestablished	molten.runtime_spine.promise_vows.resolve
cairn/specs/runtime-spine/spec.md	runtime_spine	accepted-implementation-unestablished	molten.runtime_spine.property_tests
cairn/specs/runtime-spine/spec.md	runtime_spine	accepted-implementation-unestablished	molten.runtime_spine.property_tests.generated_envelopes
cairn/specs/runtime-spine/spec.md	runtime_spine	accepted-implementation-unestablished	molten.runtime_spine.redb_store
cairn/specs/runtime-spine/spec.md	runtime_spine	accepted-implementation-unestablished	molten.runtime_spine.redb_store.receipt_index
cairn/specs/runtime-spine/spec.md	runtime_spine	accepted-implementation-unestablished	molten.runtime_spine.reference_lifetimes
cairn/specs/runtime-spine/spec.md	runtime_spine	accepted-implementation-unestablished	molten.runtime_spine.remote_admission
cairn/specs/runtime-spine/spec.md	runtime_spine	accepted-implementation-unestablished	molten.runtime_spine.remote_admission.tampered_blob
cairn/specs/runtime-spine/spec.md	runtime_spine	accepted-implementation-unestablished	molten.runtime_spine.remote_bridge
cairn/specs/runtime-spine/spec.md	runtime_spine	accepted-implementation-unestablished	molten.runtime_spine.remote_bridge.blob_reference
cairn/specs/runtime-spine/spec.md	runtime_spine	accepted-implementation-unestablished	molten.runtime_spine.revocable_proxies
cairn/specs/runtime-spine/spec.md	runtime_spine	accepted-implementation-unestablished	molten.runtime_spine.revocable_proxies.attenuate
cairn/specs/runtime-spine/spec.md	runtime_spine	accepted-implementation-unestablished	molten.runtime_spine.revocable_proxies.revoke
cairn/specs/runtime-spine/spec.md	runtime_spine	accepted-implementation-unestablished	molten.runtime_spine.rights_amplification
cairn/specs/runtime-spine/spec.md	runtime_spine	accepted-implementation-unestablished	molten.runtime_spine.rights_amplification.unseal
cairn/specs/runtime-spine/spec.md	runtime_spine	accepted-implementation-unestablished	molten.runtime_spine.rights_amplification.wrong_unsealer
cairn/specs/runtime-spine/spec.md	runtime_spine	accepted-implementation-unestablished	molten.runtime_spine.runtime_references
cairn/specs/runtime-spine/spec.md	runtime_spine	accepted-implementation-unestablished	molten.runtime_spine.runtime_references.non_compatibility
cairn/specs/runtime-spine/spec.md	runtime_spine	accepted-implementation-unestablished	molten.runtime_spine.safe_object_serialization
cairn/specs/runtime-spine/spec.md	runtime_spine	accepted-implementation-unestablished	molten.runtime_spine.safe_object_serialization.authority_graph
cairn/specs/runtime-spine/spec.md	runtime_spine	accepted-implementation-unestablished	molten.runtime_spine.safe_object_serialization.no_escalation
cairn/specs/runtime-spine/spec.md	runtime_spine	accepted-implementation-unestablished	molten.runtime_spine.sam_integration_tests
cairn/specs/runtime-spine/spec.md	runtime_spine	accepted-implementation-unestablished	molten.runtime_spine.sam_property_tests
cairn/specs/runtime-spine/spec.md	runtime_spine	accepted-implementation-unestablished	molten.runtime_spine.service_dependency_assertions
cairn/specs/runtime-spine/spec.md	runtime_spine	accepted-implementation-unestablished	molten.runtime_spine.snapshot_integration_tests
cairn/specs/runtime-spine/spec.md	runtime_spine	accepted-implementation-unestablished	molten.runtime_spine.snapshot_integration_tests.restore
cairn/specs/runtime-spine/spec.md	runtime_spine	accepted-implementation-unestablished	molten.runtime_spine.steel_orchestration
cairn/specs/runtime-spine/spec.md	runtime_spine	accepted-implementation-unestablished	molten.runtime_spine.steel_orchestration.spawn_inspect
cairn/specs/runtime-spine/spec.md	runtime_spine	accepted-implementation-unestablished	molten.runtime_spine.supervision_tree
cairn/specs/runtime-spine/spec.md	runtime_spine	accepted-implementation-unestablished	molten.runtime_spine.synit_reference_boundary
cairn/specs/runtime-spine/spec.md	runtime_spine	accepted-implementation-unestablished	molten.runtime_spine.time_travel_debugging
cairn/specs/runtime-spine/spec.md	runtime_spine	accepted-implementation-unestablished	molten.runtime_spine.time_travel_debugging.authority
cairn/specs/runtime-spine/spec.md	runtime_spine	accepted-implementation-unestablished	molten.runtime_spine.time_travel_debugging.reconstruct
cairn/specs/runtime-spine/spec.md	runtime_spine	accepted-implementation-unestablished	molten.runtime_spine.trace_rendering
cairn/specs/runtime-spine/spec.md	runtime_spine	accepted-implementation-unestablished	molten.runtime_spine.transactional_actormap
cairn/specs/runtime-spine/spec.md	runtime_spine	accepted-implementation-unestablished	molten.runtime_spine.transactional_actormap.commit
cairn/specs/runtime-spine/spec.md	runtime_spine	accepted-implementation-unestablished	molten.runtime_spine.transactional_actormap.rollback
cairn/specs/runtime-spine/spec.md	runtime_spine	accepted-implementation-unestablished	molten.runtime_spine.turn_semantics
cairn/specs/runtime-spine/spec.md	runtime_spine	accepted-implementation-unestablished	molten.runtime_spine.valence_evidence
cairn/specs/runtime-spine/spec.md	runtime_spine	accepted-implementation-unestablished	molten.runtime_spine.valence_evidence.boundary
cairn/specs/runtime-spine/spec.md	runtime_spine	accepted-implementation-unestablished	molten.runtime_spine.vat_integration_tests
cairn/specs/runtime-spine/spec.md	runtime_spine	accepted-implementation-unestablished	molten.runtime_spine.vat_integration_tests.far_revoke
cairn/specs/runtime-spine/spec.md	runtime_spine	accepted-implementation-unestablished	molten.runtime_spine.vat_model
cairn/specs/runtime-spine/spec.md	runtime_spine	accepted-implementation-unestablished	molten.runtime_spine.vat_model.far_call
cairn/specs/runtime-spine/spec.md	runtime_spine	accepted-implementation-unestablished	molten.runtime_spine.vat_model.near_call
cairn/specs/runtime-spine/spec.md	runtime_spine	accepted-implementation-unestablished	molten.runtime_spine.wasi_capabilities
cairn/specs/runtime-spine/spec.md	runtime_spine	accepted-implementation-unestablished	molten.runtime_spine.wasi_capabilities.filesystem_denied
cairn/specs/runtime-spine/spec.md	runtime_spine	accepted-implementation-unestablished	molten.runtime_spine.wasmtime_hostcalls
cairn/specs/runtime-spine/spec.md	runtime_spine	accepted-implementation-unestablished	molten.runtime_spine.wasmtime_hostcalls.send
cairn/specs/runtime-spine/spec.md	runtime_spine	accepted-implementation-unestablished	molten.runtime_spine.wit_components
cairn/specs/runtime-spine/spec.md	runtime_spine	accepted-implementation-unestablished	molten.runtime_spine.wit_components.invalid_import
cairn/specs/runtime-spine/spec.md	trellis_runtime	accepted-implementation-unestablished	molten.trellis_runtime.actormap_transaction
cairn/specs/runtime-spine/spec.md	trellis_runtime	accepted-implementation-unestablished	molten.trellis_runtime.actormap_transaction.abort
cairn/specs/runtime-spine/spec.md	trellis_runtime	accepted-implementation-unestablished	molten.trellis_runtime.actormap_transaction.removed
cairn/specs/runtime-spine/spec.md	trellis_runtime	accepted-implementation-unestablished	molten.trellis_runtime.assertion_visibility
cairn/specs/runtime-spine/spec.md	trellis_runtime	accepted-implementation-unestablished	molten.trellis_runtime.assertion_visibility.dedup
cairn/specs/runtime-spine/spec.md	trellis_runtime	accepted-implementation-unestablished	molten.trellis_runtime.assertion_visibility.live_owner
cairn/specs/runtime-spine/spec.md	trellis_runtime	accepted-implementation-unestablished	molten.trellis_runtime.integration_tests
cairn/specs/runtime-spine/spec.md	trellis_runtime	accepted-implementation-unestablished	molten.trellis_runtime.integration_tests.before_commit
cairn/specs/runtime-spine/spec.md	trellis_runtime	accepted-implementation-unestablished	molten.trellis_runtime.near_far_refs
cairn/specs/runtime-spine/spec.md	trellis_runtime	accepted-implementation-unestablished	molten.trellis_runtime.near_far_refs.cross_vat
cairn/specs/runtime-spine/spec.md	trellis_runtime	accepted-implementation-unestablished	molten.trellis_runtime.observe_delivery
cairn/specs/runtime-spine/spec.md	trellis_runtime	accepted-implementation-unestablished	molten.trellis_runtime.observe_delivery.current
cairn/specs/runtime-spine/spec.md	trellis_runtime	accepted-implementation-unestablished	molten.trellis_runtime.observe_delivery.retraction
cairn/specs/runtime-spine/spec.md	trellis_runtime	accepted-implementation-unestablished	molten.trellis_runtime.predicate_receipts
cairn/specs/runtime-spine/spec.md	trellis_runtime	accepted-implementation-unestablished	molten.trellis_runtime.predicate_receipts.addressable
cairn/specs/runtime-spine/spec.md	trellis_runtime	accepted-implementation-unestablished	molten.trellis_runtime.preserves_pattern_subset
cairn/specs/runtime-spine/spec.md	trellis_runtime	accepted-implementation-unestablished	molten.trellis_runtime.preserves_pattern_subset.deterministic
cairn/specs/runtime-spine/spec.md	trellis_runtime	accepted-implementation-unestablished	molten.trellis_runtime.promise_pipeline
cairn/specs/runtime-spine/spec.md	trellis_runtime	accepted-implementation-unestablished	molten.trellis_runtime.promise_pipeline.broken
cairn/specs/runtime-spine/spec.md	trellis_runtime	accepted-implementation-unestablished	molten.trellis_runtime.promise_pipeline.order
cairn/specs/runtime-spine/spec.md	trellis_runtime	accepted-implementation-unestablished	molten.trellis_runtime.promise_state
cairn/specs/runtime-spine/spec.md	trellis_runtime	accepted-implementation-unestablished	molten.trellis_runtime.promise_state.terminal
cairn/specs/runtime-spine/spec.md	trellis_runtime	accepted-implementation-unestablished	molten.trellis_runtime.property_tests
cairn/specs/runtime-spine/spec.md	trellis_runtime	accepted-implementation-unestablished	molten.trellis_runtime.property_tests.failed_turns
cairn/specs/runtime-spine/spec.md	trellis_runtime	accepted-implementation-unestablished	molten.trellis_runtime.revocation_cleanup
cairn/specs/runtime-spine/spec.md	trellis_runtime	accepted-implementation-unestablished	molten.trellis_runtime.revocation_cleanup.proxy
cairn/specs/runtime-spine/spec.md	trellis_runtime	accepted-implementation-unestablished	molten.trellis_runtime.service_dependencies
cairn/specs/runtime-spine/spec.md	trellis_runtime	accepted-implementation-unestablished	molten.trellis_runtime.service_dependencies.ready_gate
cairn/specs/runtime-spine/spec.md	trellis_runtime	accepted-implementation-unestablished	molten.trellis_runtime.snapshot_authority
cairn/specs/runtime-spine/spec.md	trellis_runtime	accepted-implementation-unestablished	molten.trellis_runtime.snapshot_authority.no_mint
cairn/specs/runtime-spine/spec.md	trellis_runtime	accepted-implementation-unestablished	molten.trellis_runtime.turn_commit_rollback
cairn/specs/runtime-spine/spec.md	trellis_runtime	accepted-implementation-unestablished	molten.trellis_runtime.turn_commit_rollback.commit
cairn/specs/runtime-spine/spec.md	trellis_runtime	accepted-implementation-unestablished	molten.trellis_runtime.turn_commit_rollback.failed
cairn/specs/runtime-spine/spec.md	typed_domains	accepted-implementation-unestablished	molten.typed_domains.content_refs
cairn/specs/runtime-spine/spec.md	typed_domains	accepted-implementation-unestablished	molten.typed_domains.decisions
cairn/specs/runtime-spine/spec.md	typed_domains	accepted-implementation-unestablished	molten.typed_domains.hash_stability
cairn/specs/runtime-spine/spec.md	typed_domains	accepted-implementation-unestablished	molten.typed_domains.identifiers
cairn/specs/runtime-spine/spec.md	typed_domains	accepted-implementation-unestablished	molten.typed_domains.migrated_dtos
cairn/specs/runtime-spine/spec.md	typed_domains	accepted-implementation-unestablished	molten.typed_domains.negative_domains
cairn/specs/testing-harness/spec.md	determinism	accepted-implementation-unestablished	molten.determinism.effect_log.handler_profile_binding
cairn/specs/testing-harness/spec.md	determinism	accepted-implementation-unestablished	molten.determinism.effect_log.live_effect_denial
cairn/specs/testing-harness/spec.md	determinism	accepted-implementation-unestablished	molten.determinism.effect_log.request_response_binding
cairn/specs/testing-harness/spec.md	determinism	accepted-implementation-unestablished	molten.determinism.effect_log.sequence
cairn/specs/testing-harness/spec.md	determinism	accepted-implementation-unestablished	molten.determinism.effect_log.tests
cairn/specs/testing-harness/spec.md	determinism	accepted-implementation-unestablished	molten.determinism.harness_generic_replay.artifact_ref
cairn/specs/testing-harness/spec.md	determinism	accepted-implementation-unestablished	molten.determinism.harness_generic_replay.emit
cairn/specs/testing-harness/spec.md	determinism	accepted-implementation-unestablished	molten.determinism.harness_generic_replay.parse
cairn/specs/testing-harness/spec.md	determinism	accepted-implementation-unestablished	molten.determinism.harness_generic_replay.tests
cairn/specs/testing-harness/spec.md	determinism	accepted-implementation-unestablished	molten.determinism.multiturn_replay.core
cairn/specs/testing-harness/spec.md	determinism	accepted-implementation-unestablished	molten.determinism.multiturn_replay.explain_cli
cairn/specs/testing-harness/spec.md	determinism	accepted-implementation-unestablished	molten.determinism.multiturn_replay.first_divergence_path
cairn/specs/testing-harness/spec.md	determinism	accepted-implementation-unestablished	molten.determinism.multiturn_replay.merkle_prefix
cairn/specs/testing-harness/spec.md	determinism	accepted-implementation-unestablished	molten.determinism.multiturn_replay.tests
cairn/specs/testing-harness/spec.md	determinism	accepted-implementation-unestablished	molten.determinism.replay_coverage.matrix
cairn/specs/testing-harness/spec.md	determinism	accepted-implementation-unestablished	molten.determinism.replay_coverage.non_replayable_exclusions
cairn/specs/testing-harness/spec.md	determinism	accepted-implementation-unestablished	molten.determinism.replay_coverage.release_readiness_summary
cairn/specs/testing-harness/spec.md	determinism	accepted-implementation-unestablished	molten.determinism.replay_coverage.subsystem_smoke
cairn/specs/testing-harness/spec.md	determinism	accepted-implementation-unestablished	molten.determinism.replay_coverage.tests
cairn/specs/testing-harness/spec.md	determinism	accepted-implementation-unestablished	molten.determinism.replay_freshness.identity_binding
cairn/specs/testing-harness/spec.md	determinism	accepted-implementation-unestablished	molten.determinism.replay_freshness.index_binding
cairn/specs/testing-harness/spec.md	determinism	accepted-implementation-unestablished	molten.determinism.replay_freshness.tests
cairn/specs/testing-harness/spec.md	iroh_experiments	accepted-implementation-unestablished	molten.iroh_experiments.adoption_validation
cairn/specs/testing-harness/spec.md	iroh_experiments	accepted-implementation-unestablished	molten.iroh_experiments.reference_docs
cairn/specs/testing-harness/spec.md	modularity	accepted-implementation-unestablished	molten.modularity.boundary_gates.fixtures
cairn/specs/testing-harness/spec.md	modularity	accepted-implementation-unestablished	molten.modularity.boundary_gates.integration
cairn/specs/testing-harness/spec.md	modularity	accepted-implementation-unestablished	molten.modularity.boundary_gates.policy
cairn/specs/testing-harness/spec.md	modularity	accepted-implementation-unestablished	molten.modularity.boundary_gates.validator
cairn/specs/testing-harness/spec.md	prod_soak	accepted-implementation-unestablished	molten.prod_soak.durability_restart
cairn/specs/testing-harness/spec.md	prod_soak	accepted-implementation-unestablished	molten.prod_soak.multi_node_live_workflow
cairn/specs/testing-harness/spec.md	prod_soak	accepted-implementation-unestablished	molten.prod_soak.network_fault_matrix
cairn/specs/testing-harness/spec.md	prod_soak	accepted-implementation-unestablished	molten.prod_soak.performance_resource_envelope
cairn/specs/testing-harness/spec.md	prod_soak	accepted-implementation-unestablished	molten.prod_soak.replay_and_evidence
cairn/specs/testing-harness/spec.md	testing	accepted-implementation-unestablished	molten.testing.actor_kind_interop
cairn/specs/testing-harness/spec.md	testing	accepted-implementation-unestablished	molten.testing.actor_kind_interop.denied_cross_kind
cairn/specs/testing-harness/spec.md	testing	accepted-implementation-unestablished	molten.testing.actor_kind_interop.native_wasm
cairn/specs/testing-harness/spec.md	testing	accepted-implementation-unestablished	molten.testing.actor_kind_interop.wasm_steel
cairn/specs/testing-harness/spec.md	testing	accepted-implementation-unestablished	molten.testing.adapter_conformance
cairn/specs/testing-harness/spec.md	testing	accepted-implementation-unestablished	molten.testing.adapter_conformance.effect_evidence
cairn/specs/testing-harness/spec.md	testing	accepted-implementation-unestablished	molten.testing.admission_evidence.denied_effect_suppression
cairn/specs/testing-harness/spec.md	testing	accepted-implementation-unestablished	molten.testing.admission_evidence.denied_effect_suppression.clock
cairn/specs/testing-harness/spec.md	testing	accepted-implementation-unestablished	molten.testing.admission_evidence.deny_rollback
cairn/specs/testing-harness/spec.md	testing	accepted-implementation-unestablished	molten.testing.admission_evidence.deny_rollback.assertion
cairn/specs/testing-harness/spec.md	testing	accepted-implementation-unestablished	molten.testing.admission_evidence.deny_rollback.send
cairn/specs/testing-harness/spec.md	testing	accepted-implementation-unestablished	molten.testing.admission_evidence.gate_checks
cairn/specs/testing-harness/spec.md	testing	accepted-implementation-unestablished	molten.testing.admission_evidence.gate_checks.receipt
cairn/specs/testing-harness/spec.md	testing	accepted-implementation-unestablished	molten.testing.admission_evidence.policy_divergence
cairn/specs/testing-harness/spec.md	testing	accepted-implementation-unestablished	molten.testing.admission_evidence.policy_divergence.changed_decision
cairn/specs/testing-harness/spec.md	testing	accepted-implementation-unestablished	molten.testing.admission_evidence.policy_recompute
cairn/specs/testing-harness/spec.md	testing	accepted-implementation-unestablished	molten.testing.admission_evidence.policy_recompute.deny_to_allow
cairn/specs/testing-harness/spec.md	testing	accepted-implementation-unestablished	molten.testing.admission_evidence.policy_recompute.stale_policy
cairn/specs/testing-harness/spec.md	testing	accepted-implementation-unestablished	molten.testing.admission_evidence.records
cairn/specs/testing-harness/spec.md	testing	accepted-implementation-unestablished	molten.testing.admission_evidence.records.duplicate
cairn/specs/testing-harness/spec.md	testing	accepted-implementation-unestablished	molten.testing.admission_evidence.records.missing
cairn/specs/testing-harness/spec.md	testing	accepted-implementation-unestablished	molten.testing.admission_evidence.static_policy_boundary
cairn/specs/testing-harness/spec.md	testing	accepted-implementation-unestablished	molten.testing.admission_evidence.static_policy_boundary.dynamic_predicate
cairn/specs/testing-harness/spec.md	testing	accepted-implementation-unestablished	molten.testing.admission_evidence.step_binding
cairn/specs/testing-harness/spec.md	testing	accepted-implementation-unestablished	molten.testing.admission_evidence.step_binding.tampered
cairn/specs/testing-harness/spec.md	testing	accepted-implementation-unestablished	molten.testing.boundary_coverage
cairn/specs/testing-harness/spec.md	testing	accepted-implementation-unestablished	molten.testing.boundary_coverage.unexercised_gate
cairn/specs/testing-harness/spec.md	testing	accepted-implementation-unestablished	molten.testing.boundary_hashes
cairn/specs/testing-harness/spec.md	testing	accepted-implementation-unestablished	molten.testing.boundary_hashes.equivalent_values
cairn/specs/testing-harness/spec.md	testing	accepted-implementation-unestablished	molten.testing.canonical_failure_artifacts
cairn/specs/testing-harness/spec.md	testing	accepted-implementation-unestablished	molten.testing.canonical_failure_artifacts.first_divergence
cairn/specs/testing-harness/spec.md	testing	accepted-implementation-unestablished	molten.testing.canonical_failure_artifacts.not_pass_evidence
cairn/specs/testing-harness/spec.md	testing	accepted-implementation-unestablished	molten.testing.canonical_failure_artifacts.run_failure
cairn/specs/testing-harness/spec.md	testing	accepted-implementation-unestablished	molten.testing.canonical_oracles
cairn/specs/testing-harness/spec.md	testing	accepted-implementation-unestablished	molten.testing.canonical_oracles.trace_predicate
cairn/specs/testing-harness/spec.md	testing	accepted-implementation-unestablished	molten.testing.capability_context.basalt_enforcement_receipts
cairn/specs/testing-harness/spec.md	testing	accepted-implementation-unestablished	molten.testing.capability_context.basalt_ucan_path
cairn/specs/testing-harness/spec.md	testing	accepted-implementation-unestablished	molten.testing.capability_context.basalt_ucan_path.future_ucan
cairn/specs/testing-harness/spec.md	testing	accepted-implementation-unestablished	molten.testing.capability_context.capability_divergence
cairn/specs/testing-harness/spec.md	testing	accepted-implementation-unestablished	molten.testing.capability_context.capability_divergence.changed
cairn/specs/testing-harness/spec.md	testing	accepted-implementation-unestablished	molten.testing.capability_context.deny_by_default
cairn/specs/testing-harness/spec.md	testing	accepted-implementation-unestablished	molten.testing.capability_context.deny_by_default.observe
cairn/specs/testing-harness/spec.md	testing	accepted-implementation-unestablished	molten.testing.capability_context.deny_by_default.send
cairn/specs/testing-harness/spec.md	testing	accepted-implementation-unestablished	molten.testing.capability_context.effect_authority
cairn/specs/testing-harness/spec.md	testing	accepted-implementation-unestablished	molten.testing.capability_context.effect_authority.clock
cairn/specs/testing-harness/spec.md	testing	accepted-implementation-unestablished	molten.testing.capability_context.effect_authority.tampered
cairn/specs/testing-harness/spec.md	testing	accepted-implementation-unestablished	molten.testing.capability_context.fixture_schema
cairn/specs/testing-harness/spec.md	testing	accepted-implementation-unestablished	molten.testing.capability_context.fixture_schema.default
cairn/specs/testing-harness/spec.md	testing	accepted-implementation-unestablished	molten.testing.capability_context.fixture_schema.grants
cairn/specs/testing-harness/spec.md	testing	accepted-implementation-unestablished	molten.testing.capability_context.gate_receipts
cairn/specs/testing-harness/spec.md	testing	accepted-implementation-unestablished	molten.testing.capability_context.gate_receipts.checks
cairn/specs/testing-harness/spec.md	testing	accepted-implementation-unestablished	molten.testing.capability_context.policy_composition
cairn/specs/testing-harness/spec.md	testing	accepted-implementation-unestablished	molten.testing.capability_context.policy_composition.capability_denies
cairn/specs/testing-harness/spec.md	testing	accepted-implementation-unestablished	molten.testing.capability_context.policy_composition.policy_denies
cairn/specs/testing-harness/spec.md	testing	accepted-implementation-unestablished	molten.testing.capability_context.request_binding
cairn/specs/testing-harness/spec.md	testing	accepted-implementation-unestablished	molten.testing.capability_context.request_binding.send
cairn/specs/testing-harness/spec.md	testing	accepted-implementation-unestablished	molten.testing.capability_context.request_binding.tampered
cairn/specs/testing-harness/spec.md	testing	accepted-implementation-unestablished	molten.testing.capability_context.ucan_negative_fixtures
cairn/specs/testing-harness/spec.md	testing	accepted-implementation-unestablished	molten.testing.capability_context.ucan_proofset_validation
cairn/specs/testing-harness/spec.md	testing	accepted-implementation-unestablished	molten.testing.capability_context.validation
cairn/specs/testing-harness/spec.md	testing	accepted-implementation-unestablished	molten.testing.capability_context.validation.stale
cairn/specs/testing-harness/spec.md	testing	accepted-implementation-unestablished	molten.testing.capability_context.validation.tampered_grant
cairn/specs/testing-harness/spec.md	testing	accepted-implementation-unestablished	molten.testing.cli_surface
cairn/specs/testing-harness/spec.md	testing	accepted-implementation-unestablished	molten.testing.cli_surface.local_run
cairn/specs/testing-harness/spec.md	testing	accepted-implementation-unestablished	molten.testing.cluster_cli.fail_closed_negatives
cairn/specs/testing-harness/spec.md	testing	accepted-implementation-unestablished	molten.testing.cluster_cli.lifecycle_roundtrip
cairn/specs/testing-harness/spec.md	testing	accepted-implementation-unestablished	molten.testing.cluster_drift.ambient_state_negatives
cairn/specs/testing-harness/spec.md	testing	accepted-implementation-unestablished	molten.testing.cluster_drift.lifecycle_rerun_gate
cairn/specs/testing-harness/spec.md	testing	accepted-implementation-unestablished	molten.testing.contract_negative_fixtures.failure_classes
cairn/specs/testing-harness/spec.md	testing	accepted-implementation-unestablished	molten.testing.contract_negative_fixtures.invariant_matrix
cairn/specs/testing-harness/spec.md	testing	accepted-implementation-unestablished	molten.testing.counterexample_shrinking
cairn/specs/testing-harness/spec.md	testing	accepted-implementation-unestablished	molten.testing.counterexample_shrinking.replay_case
cairn/specs/testing-harness/spec.md	testing	accepted-implementation-unestablished	molten.testing.determinism_replay_core
cairn/specs/testing-harness/spec.md	testing	accepted-implementation-unestablished	molten.testing.determinism_replay_core.record_replay
cairn/specs/testing-harness/spec.md	testing	accepted-implementation-unestablished	molten.testing.determinism_replay_core.status
cairn/specs/testing-harness/spec.md	testing	accepted-implementation-unestablished	molten.testing.deterministic_drift.comparison_core
cairn/specs/testing-harness/spec.md	testing	accepted-implementation-unestablished	molten.testing.deterministic_drift.docs
cairn/specs/testing-harness/spec.md	testing	accepted-implementation-unestablished	molten.testing.deterministic_drift.fresh_rerun_gate
cairn/specs/testing-harness/spec.md	testing	accepted-implementation-unestablished	molten.testing.deterministic_drift.gate_surface
cairn/specs/testing-harness/spec.md	testing	accepted-implementation-unestablished	molten.testing.deterministic_drift.negative_fixtures
cairn/specs/testing-harness/spec.md	testing	accepted-implementation-unestablished	molten.testing.deterministic_drift.release_workflows
cairn/specs/testing-harness/spec.md	testing	accepted-implementation-unestablished	molten.testing.deterministic_drift.variance_declarations
cairn/specs/testing-harness/spec.md	testing	accepted-implementation-unestablished	molten.testing.deterministic_multipeer
cairn/specs/testing-harness/spec.md	testing	accepted-implementation-unestablished	molten.testing.deterministic_multipeer.partition_replay
cairn/specs/testing-harness/spec.md	testing	accepted-implementation-unestablished	molten.testing.distributed_ci.docs
cairn/specs/testing-harness/spec.md	testing	accepted-implementation-unestablished	molten.testing.distributed_simulation.docs
cairn/specs/testing-harness/spec.md	testing	accepted-implementation-unestablished	molten.testing.first_divergence_reports
cairn/specs/testing-harness/spec.md	testing	accepted-implementation-unestablished	molten.testing.first_divergence_reports.effect_response
cairn/specs/testing-harness/spec.md	testing	accepted-implementation-unestablished	molten.testing.fixture_adapters
cairn/specs/testing-harness/spec.md	testing	accepted-implementation-unestablished	molten.testing.fixture_adapters.fake_clock
cairn/specs/testing-harness/spec.md	testing	accepted-implementation-unestablished	molten.testing.fixture_adapters.no_invisible_mutation
cairn/specs/testing-harness/spec.md	testing	accepted-implementation-unestablished	molten.testing.flake_prevention
cairn/specs/testing-harness/spec.md	testing	accepted-implementation-unestablished	molten.testing.flake_prevention.exploratory_excluded
cairn/specs/testing-harness/spec.md	testing	accepted-implementation-unestablished	molten.testing.fresh_local_runner
cairn/specs/testing-harness/spec.md	testing	accepted-implementation-unestablished	molten.testing.fresh_local_runner.no_ambient_state
cairn/specs/testing-harness/spec.md	testing	accepted-implementation-unestablished	molten.testing.gate_receipts
cairn/specs/testing-harness/spec.md	testing	accepted-implementation-unestablished	molten.testing.gate_receipts.success
cairn/specs/testing-harness/spec.md	testing	accepted-implementation-unestablished	molten.testing.golden_traces
cairn/specs/testing-harness/spec.md	testing	accepted-implementation-unestablished	molten.testing.golden_traces.update_receipt
cairn/specs/testing-harness/spec.md	testing	accepted-implementation-unestablished	molten.testing.harness_artifacts
cairn/specs/testing-harness/spec.md	testing	accepted-implementation-unestablished	molten.testing.harness_artifacts.identity
cairn/specs/testing-harness/spec.md	testing	accepted-implementation-unestablished	molten.testing.integration_rails
cairn/specs/testing-harness/spec.md	testing	accepted-implementation-unestablished	molten.testing.integration_rails.property_counterexample
cairn/specs/testing-harness/spec.md	testing	accepted-implementation-unestablished	molten.testing.integration_rails.transcript_step
cairn/specs/testing-harness/spec.md	testing	accepted-implementation-unestablished	molten.testing.iroh_alpn_registry_negative_fixtures
cairn/specs/testing-harness/spec.md	testing	accepted-implementation-unestablished	molten.testing.iroh_identity_positive_negative_fixtures
cairn/specs/testing-harness/spec.md	testing	accepted-implementation-unestablished	molten.testing.mandatory_actor_registry.examples
cairn/specs/testing-harness/spec.md	testing	accepted-implementation-unestablished	molten.testing.mandatory_actor_registry.examples.two_actor
cairn/specs/testing-harness/spec.md	testing	accepted-implementation-unestablished	molten.testing.mandatory_actor_registry.executor_boundary
cairn/specs/testing-harness/spec.md	testing	accepted-implementation-unestablished	molten.testing.mandatory_actor_registry.executor_boundary.future
cairn/specs/testing-harness/spec.md	testing	accepted-implementation-unestablished	molten.testing.mandatory_actor_registry.executor_boundary.unsupported
cairn/specs/testing-harness/spec.md	testing	accepted-implementation-unestablished	molten.testing.mandatory_actor_registry.explicit_fixture
cairn/specs/testing-harness/spec.md	testing	accepted-implementation-unestablished	molten.testing.mandatory_actor_registry.explicit_fixture.empty
cairn/specs/testing-harness/spec.md	testing	accepted-implementation-unestablished	molten.testing.mandatory_actor_registry.explicit_fixture.omitted
cairn/specs/testing-harness/spec.md	testing	accepted-implementation-unestablished	molten.testing.mandatory_actor_registry.future_executor_evidence
cairn/specs/testing-harness/spec.md	testing	accepted-implementation-unestablished	molten.testing.mandatory_actor_registry.future_executor_evidence.missing
cairn/specs/testing-harness/spec.md	testing	accepted-implementation-unestablished	molten.testing.mandatory_actor_registry.gate_checks
cairn/specs/testing-harness/spec.md	testing	accepted-implementation-unestablished	molten.testing.mandatory_actor_registry.gate_checks.receipt
cairn/specs/testing-harness/spec.md	testing	accepted-implementation-unestablished	molten.testing.mandatory_actor_registry.validation
cairn/specs/testing-harness/spec.md	testing	accepted-implementation-unestablished	molten.testing.mandatory_actor_registry.validation.legacy
cairn/specs/testing-harness/spec.md	testing	accepted-implementation-unestablished	molten.testing.mandatory_actor_registry.validation.mismatch
cairn/specs/testing-harness/spec.md	testing	accepted-implementation-unestablished	molten.testing.mandatory_budget.basalt_resource_policy
cairn/specs/testing-harness/spec.md	testing	accepted-implementation-unestablished	molten.testing.mandatory_budget.basalt_resource_policy.missing
cairn/specs/testing-harness/spec.md	testing	accepted-implementation-unestablished	molten.testing.mandatory_budget.examples
cairn/specs/testing-harness/spec.md	testing	accepted-implementation-unestablished	molten.testing.mandatory_budget.examples.two_actor
cairn/specs/testing-harness/spec.md	testing	accepted-implementation-unestablished	molten.testing.mandatory_budget.explicit_fixture
cairn/specs/testing-harness/spec.md	testing	accepted-implementation-unestablished	molten.testing.mandatory_budget.explicit_fixture.omitted
cairn/specs/testing-harness/spec.md	testing	accepted-implementation-unestablished	molten.testing.mandatory_budget.explicit_fixture.standard
cairn/specs/testing-harness/spec.md	testing	accepted-implementation-unestablished	molten.testing.mandatory_budget.explicit_fixture.tight
cairn/specs/testing-harness/spec.md	testing	accepted-implementation-unestablished	molten.testing.mandatory_budget.gate_checks
cairn/specs/testing-harness/spec.md	testing	accepted-implementation-unestablished	molten.testing.mandatory_budget.gate_checks.receipt
cairn/specs/testing-harness/spec.md	testing	accepted-implementation-unestablished	molten.testing.mandatory_budget.validation
cairn/specs/testing-harness/spec.md	testing	accepted-implementation-unestablished	molten.testing.mandatory_budget.validation.legacy
cairn/specs/testing-harness/spec.md	testing	accepted-implementation-unestablished	molten.testing.mandatory_budget.validation.usage
cairn/specs/testing-harness/spec.md	testing	accepted-implementation-unestablished	molten.testing.mandatory_capabilities.basalt_ucan_invariant
cairn/specs/testing-harness/spec.md	testing	accepted-implementation-unestablished	molten.testing.mandatory_capabilities.basalt_ucan_invariant.missing
cairn/specs/testing-harness/spec.md	testing	accepted-implementation-unestablished	molten.testing.mandatory_capabilities.examples
cairn/specs/testing-harness/spec.md	testing	accepted-implementation-unestablished	molten.testing.mandatory_capabilities.examples.two_actor
cairn/specs/testing-harness/spec.md	testing	accepted-implementation-unestablished	molten.testing.mandatory_capabilities.explicit_fixture
cairn/specs/testing-harness/spec.md	testing	accepted-implementation-unestablished	molten.testing.mandatory_capabilities.explicit_fixture.empty
cairn/specs/testing-harness/spec.md	testing	accepted-implementation-unestablished	molten.testing.mandatory_capabilities.explicit_fixture.omitted
cairn/specs/testing-harness/spec.md	testing	accepted-implementation-unestablished	molten.testing.mandatory_capabilities.gate_checks
cairn/specs/testing-harness/spec.md	testing	accepted-implementation-unestablished	molten.testing.mandatory_capabilities.gate_checks.receipt
cairn/specs/testing-harness/spec.md	testing	accepted-implementation-unestablished	molten.testing.mandatory_capabilities.validation
cairn/specs/testing-harness/spec.md	testing	accepted-implementation-unestablished	molten.testing.mandatory_capabilities.validation.legacy
cairn/specs/testing-harness/spec.md	testing	accepted-implementation-unestablished	molten.testing.modularity.fixtures
cairn/specs/testing-harness/spec.md	testing	accepted-implementation-unestablished	molten.testing.modularity.harness_layers
cairn/specs/testing-harness/spec.md	testing	accepted-implementation-unestablished	molten.testing.modularity.pure_gate_decisions
cairn/specs/testing-harness/spec.md	testing	accepted-implementation-unestablished	molten.testing.modularity.runtime_boundary
cairn/specs/testing-harness/spec.md	testing	accepted-implementation-unestablished	molten.testing.multinode.fixture_driven_vm_plan
cairn/specs/testing-harness/spec.md	testing	accepted-implementation-unestablished	molten.testing.multinode.fixture_export_validation_gate
cairn/specs/testing-harness/spec.md	testing	accepted-implementation-unestablished	molten.testing.multinode.three_node_vm_quorum_execution
cairn/specs/testing-harness/spec.md	testing	accepted-implementation-unestablished	molten.testing.negative_security_suites
cairn/specs/testing-harness/spec.md	testing	accepted-implementation-unestablished	molten.testing.negative_security_suites.tampered_content
cairn/specs/testing-harness/spec.md	testing	accepted-implementation-unestablished	molten.testing.nextest.exploratory_exclusion
cairn/specs/testing-harness/spec.md	testing	accepted-implementation-unestablished	molten.testing.nextest.nix_outputs
cairn/specs/testing-harness/spec.md	testing	accepted-implementation-unestablished	molten.testing.nextest.risk_scope
cairn/specs/testing-harness/spec.md	testing	accepted-implementation-unestablished	molten.testing.nextest.semantic_profiles
cairn/specs/testing-harness/spec.md	testing	accepted-implementation-unestablished	molten.testing.nixos_vm_fault_injection.docs
cairn/specs/testing-harness/spec.md	testing	accepted-implementation-unestablished	molten.testing.nixos_vm_fault_injection.executable_network_backend
cairn/specs/testing-harness/spec.md	testing	accepted-implementation-unestablished	molten.testing.nixos_vm_fault_injection.network_fault_cleanup_validation
cairn/specs/testing-harness/spec.md	testing	accepted-implementation-unestablished	molten.testing.nixos_vm_multinode.ci_gate
cairn/specs/testing-harness/spec.md	testing	accepted-implementation-unestablished	molten.testing.nixos_vm_multinode.control_workflow
cairn/specs/testing-harness/spec.md	testing	accepted-implementation-unestablished	molten.testing.nixos_vm_multinode.executable_shard_aggregate
cairn/specs/testing-harness/spec.md	testing	accepted-implementation-unestablished	molten.testing.nixos_vm_multinode.executable_shard_derivations
cairn/specs/testing-harness/spec.md	testing	accepted-implementation-unestablished	molten.testing.nixos_vm_multinode.framed_stream
cairn/specs/testing-harness/spec.md	testing	accepted-implementation-unestablished	molten.testing.nixos_vm_multinode.network_diagnostics
cairn/specs/testing-harness/spec.md	testing	accepted-implementation-unestablished	molten.testing.nixos_vm_multinode.node_service
cairn/specs/testing-harness/spec.md	testing	accepted-implementation-unestablished	molten.testing.nixos_vm_multinode.receipts
cairn/specs/testing-harness/spec.md	testing	accepted-implementation-unestablished	molten.testing.nixos_vm_multinode.restart_durability
cairn/specs/testing-harness/spec.md	testing	accepted-implementation-unestablished	molten.testing.nixos_vm_multinode.service_job_coordination
cairn/specs/testing-harness/spec.md	testing	accepted-implementation-unestablished	molten.testing.nixos_vm_multinode.topology
cairn/specs/testing-harness/spec.md	testing	accepted-implementation-unestablished	molten.testing.policy_boundary.basalt_gate
cairn/specs/testing-harness/spec.md	testing	accepted-implementation-unestablished	molten.testing.policy_boundary.basalt_gate.receipt
cairn/specs/testing-harness/spec.md	testing	accepted-implementation-unestablished	molten.testing.policy_boundary.gate_receipts
cairn/specs/testing-harness/spec.md	testing	accepted-implementation-unestablished	molten.testing.policy_boundary.gate_receipts.checks
cairn/specs/testing-harness/spec.md	testing	accepted-implementation-unestablished	molten.testing.policy_boundary.nickel_static
cairn/specs/testing-harness/spec.md	testing	accepted-implementation-unestablished	molten.testing.policy_boundary.nickel_static.marker
cairn/specs/testing-harness/spec.md	testing	accepted-implementation-unestablished	molten.testing.policy_boundary.policy_snapshot
cairn/specs/testing-harness/spec.md	testing	accepted-implementation-unestablished	molten.testing.policy_boundary.policy_snapshot.stale
cairn/specs/testing-harness/spec.md	testing	accepted-implementation-unestablished	molten.testing.policy_boundary.preflight_receipt
cairn/specs/testing-harness/spec.md	testing	accepted-implementation-unestablished	molten.testing.policy_boundary.preflight_receipt.missing
cairn/specs/testing-harness/spec.md	testing	accepted-implementation-unestablished	molten.testing.policy_boundary.preflight_receipt.report
cairn/specs/testing-harness/spec.md	testing	accepted-implementation-unestablished	molten.testing.policy_boundary.steel_review
cairn/specs/testing-harness/spec.md	testing	accepted-implementation-unestablished	molten.testing.policy_boundary.steel_review.unreviewed
cairn/specs/testing-harness/spec.md	testing	accepted-implementation-unestablished	molten.testing.preflight_guards
cairn/specs/testing-harness/spec.md	testing	accepted-implementation-unestablished	molten.testing.preflight_guards.fail_closed
cairn/specs/testing-harness/spec.md	testing	accepted-implementation-unestablished	molten.testing.preflight_guards.golden_governance
cairn/specs/testing-harness/spec.md	testing	accepted-implementation-unestablished	molten.testing.preflight_guards.hermeticity
cairn/specs/testing-harness/spec.md	testing	accepted-implementation-unestablished	molten.testing.preflight_guards.privilege_boundary
cairn/specs/testing-harness/spec.md	testing	accepted-implementation-unestablished	molten.testing.preflight_guards.production_separation
cairn/specs/testing-harness/spec.md	testing	accepted-implementation-unestablished	molten.testing.preflight_guards.replay_eligibility
cairn/specs/testing-harness/spec.md	testing	accepted-implementation-unestablished	molten.testing.preflight_guards.resource_bounds
cairn/specs/testing-harness/spec.md	testing	accepted-implementation-unestablished	molten.testing.preserves_comm_rail
cairn/specs/testing-harness/spec.md	testing	accepted-implementation-unestablished	molten.testing.preserves_comm_rail.actor_stimulus
cairn/specs/testing-harness/spec.md	testing	accepted-implementation-unestablished	molten.testing.preserves_comm_rail.observation
cairn/specs/testing-harness/spec.md	testing	accepted-implementation-unestablished	molten.testing.preserves_comm_rail.rendering
cairn/specs/testing-harness/spec.md	testing	accepted-implementation-unestablished	molten.testing.proof_obligations.aggregate_gate
cairn/specs/testing-harness/spec.md	testing	accepted-implementation-unestablished	molten.testing.proof_obligations.classes
cairn/specs/testing-harness/spec.md	testing	accepted-implementation-unestablished	molten.testing.proof_obligations.docs
cairn/specs/testing-harness/spec.md	testing	accepted-implementation-unestablished	molten.testing.proof_obligations.fixtures
cairn/specs/testing-harness/spec.md	testing	accepted-implementation-unestablished	molten.testing.proof_obligations.hegel_properties
cairn/specs/testing-harness/spec.md	testing	accepted-implementation-unestablished	molten.testing.proof_obligations.manifest
cairn/specs/testing-harness/spec.md	testing	accepted-implementation-unestablished	molten.testing.proof_obligations.operator_summary
cairn/specs/testing-harness/spec.md	testing	accepted-implementation-unestablished	molten.testing.proof_obligations.traceability
cairn/specs/testing-harness/spec.md	testing	accepted-implementation-unestablished	molten.testing.receipt_driven_traceability.docs
cairn/specs/testing-harness/spec.md	testing	accepted-implementation-unestablished	molten.testing.receipt_driven_traceability.hegel_properties
cairn/specs/testing-harness/spec.md	testing	accepted-implementation-unestablished	molten.testing.receipt_driven_traceability.nix_gate
cairn/specs/testing-harness/spec.md	testing	accepted-implementation-unestablished	molten.testing.receipt_driven_traceability.raw_claim_policy
cairn/specs/testing-harness/spec.md	testing	accepted-implementation-unestablished	molten.testing.receipt_driven_traceability.source_model
cairn/specs/testing-harness/spec.md	testing	accepted-implementation-unestablished	molten.testing.receipt_driven_traceability.stale_receipt_denial
cairn/specs/testing-harness/spec.md	testing	accepted-implementation-unestablished	molten.testing.redacted_repro_export_profiles.encrypted_ref_validation
cairn/specs/testing-harness/spec.md	testing	accepted-implementation-unestablished	molten.testing.redacted_repro_export_profiles.profile_schema
cairn/specs/testing-harness/spec.md	testing	accepted-implementation-unestablished	molten.testing.redacted_repro_export_profiles.transform_receipt
cairn/specs/testing-harness/spec.md	testing	accepted-implementation-unestablished	molten.testing.redaction_policy
cairn/specs/testing-harness/spec.md	testing	accepted-implementation-unestablished	molten.testing.redaction_policy.secret_export
cairn/specs/testing-harness/spec.md	testing	accepted-implementation-unestablished	molten.testing.repro_bundles
cairn/specs/testing-harness/spec.md	testing	accepted-implementation-unestablished	molten.testing.repro_bundles.rerun
cairn/specs/testing-harness/spec.md	testing	accepted-implementation-unestablished	molten.testing.repro_reveal_encrypted_ref_binding.evidence_only
cairn/specs/testing-harness/spec.md	testing	accepted-implementation-unestablished	molten.testing.repro_reveal_encrypted_ref_binding.partial_coverage_denial
cairn/specs/testing-harness/spec.md	testing	accepted-implementation-unestablished	molten.testing.repro_reveal_encrypted_ref_binding.receipt_field
cairn/specs/testing-harness/spec.md	testing	accepted-implementation-unestablished	molten.testing.repro_reveal_encrypted_ref_binding.unpack_match
cairn/specs/testing-harness/spec.md	testing	accepted-implementation-unestablished	molten.testing.requirement_traceability.coverage_gate
cairn/specs/testing-harness/spec.md	testing	accepted-implementation-unestablished	molten.testing.requirement_traceability.docs
cairn/specs/testing-harness/spec.md	testing	accepted-implementation-unestablished	molten.testing.requirement_traceability.fixtures
cairn/specs/testing-harness/spec.md	testing	accepted-implementation-unestablished	molten.testing.requirement_traceability.manifest
cairn/specs/testing-harness/spec.md	testing	accepted-implementation-unestablished	molten.testing.requirement_traceability.nix_surface
cairn/specs/testing-harness/spec.md	testing	accepted-implementation-unestablished	molten.testing.requirement_traceability.operator_summary
cairn/specs/testing-harness/spec.md	testing	accepted-implementation-unestablished	molten.testing.requirement_traceability.stale_detection
cairn/specs/testing-harness/spec.md	testing	accepted-implementation-unestablished	molten.testing.resource_regression
cairn/specs/testing-harness/spec.md	testing	accepted-implementation-unestablished	molten.testing.resource_regression.effect_count
cairn/specs/testing-harness/spec.md	testing	accepted-implementation-unestablished	molten.testing.run_receipts
cairn/specs/testing-harness/spec.md	testing	accepted-implementation-unestablished	molten.testing.run_receipts.ci_validate
cairn/specs/testing-harness/spec.md	testing	accepted-implementation-unestablished	molten.testing.sealed_repro_bundles.docs
cairn/specs/testing-harness/spec.md	testing	accepted-implementation-unestablished	molten.testing.sealed_repro_bundles.export
cairn/specs/testing-harness/spec.md	testing	accepted-implementation-unestablished	molten.testing.sealed_repro_bundles.failure_diagnostics
cairn/specs/testing-harness/spec.md	testing	accepted-implementation-unestablished	molten.testing.sealed_repro_bundles.gate
cairn/specs/testing-harness/spec.md	testing	accepted-implementation-unestablished	molten.testing.sealed_repro_bundles.negative_tests
cairn/specs/testing-harness/spec.md	testing	accepted-implementation-unestablished	molten.testing.sealed_repro_bundles.schema
cairn/specs/testing-harness/spec.md	testing	accepted-implementation-unestablished	molten.testing.sealed_repro_bundles.validation
cairn/specs/testing-harness/spec.md	testing	accepted-implementation-unestablished	molten.testing.sealed_repro_redaction_preflight.docs
cairn/specs/testing-harness/spec.md	testing	accepted-implementation-unestablished	molten.testing.sealed_repro_redaction_preflight.gate
cairn/specs/testing-harness/spec.md	testing	accepted-implementation-unestablished	molten.testing.sealed_repro_redaction_preflight.policy
cairn/specs/testing-harness/spec.md	testing	accepted-implementation-unestablished	molten.testing.sealed_repro_redaction_preflight.scan
cairn/specs/testing-harness/spec.md	testing	accepted-implementation-unestablished	molten.testing.sealed_repro_redaction_preflight.tests
cairn/specs/testing-harness/spec.md	testing	accepted-implementation-unestablished	molten.testing.sealed_repro_redaction_preflight.unsealed_rejection
cairn/specs/testing-harness/spec.md	testing	accepted-implementation-unestablished	molten.testing.sealed_repro_redaction_preflight.validation
cairn/specs/testing-harness/spec.md	testing	accepted-implementation-unestablished	molten.testing.sealed_repro_verify_unpack.diagnostic_only
cairn/specs/testing-harness/spec.md	testing	accepted-implementation-unestablished	molten.testing.sealed_repro_verify_unpack.docs
cairn/specs/testing-harness/spec.md	testing	accepted-implementation-unestablished	molten.testing.sealed_repro_verify_unpack.fail_closed
cairn/specs/testing-harness/spec.md	testing	accepted-implementation-unestablished	molten.testing.sealed_repro_verify_unpack.tests
cairn/specs/testing-harness/spec.md	testing	accepted-implementation-unestablished	molten.testing.sealed_repro_verify_unpack.unpack_cli
cairn/specs/testing-harness/spec.md	testing	accepted-implementation-unestablished	molten.testing.sealed_repro_verify_unpack.verify_cli
cairn/specs/testing-harness/spec.md	testing	accepted-implementation-unestablished	molten.testing.sealed_repro_verify_unpack.verify_receipt
cairn/specs/testing-harness/spec.md	testing	accepted-implementation-unestablished	molten.testing.system_layer_suites
cairn/specs/testing-harness/spec.md	testing	accepted-implementation-unestablished	molten.testing.system_layer_suites.crash_retract_restart
cairn/specs/testing-harness/spec.md	testing	accepted-implementation-unestablished	molten.testing.system_layer_suites.cross_kind_replay
cairn/specs/testing-harness/spec.md	testing	accepted-implementation-unestablished	molten.testing.system_layer_suites.demand_start
cairn/specs/testing-harness/spec.md	testing	accepted-implementation-unestablished	molten.testing.upgrade_replay
cairn/specs/testing-harness/spec.md	testing	accepted-implementation-unestablished	molten.testing.upgrade_replay.trace_drift
cairn/specs/testing-harness/spec.md	testing	accepted-implementation-unestablished	molten.testing.verification_run_receipts.artifact_binding
cairn/specs/testing-harness/spec.md	testing	accepted-implementation-unestablished	molten.testing.verification_run_receipts.command_binding
cairn/specs/testing-harness/spec.md	testing	accepted-implementation-unestablished	molten.testing.verification_run_receipts.compatibility
cairn/specs/testing-harness/spec.md	testing	accepted-implementation-unestablished	molten.testing.verification_run_receipts.docs
cairn/specs/testing-harness/spec.md	testing	accepted-implementation-unestablished	molten.testing.verification_run_receipts.fixtures
cairn/specs/testing-harness/spec.md	testing	accepted-implementation-unestablished	molten.testing.verification_run_receipts.hegel_properties
cairn/specs/testing-harness/spec.md	testing	accepted-implementation-unestablished	molten.testing.verification_run_receipts.schema
cairn/specs/testing-harness/spec.md	testing	accepted-implementation-unestablished	molten.testing.verification_run_receipts.traceability
cairn/specs/testing-harness/spec.md	testing	accepted-implementation-unestablished	molten.testing.vm_evidence.artifact_preservation
cairn/specs/testing-harness/spec.md	testing	accepted-implementation-unestablished	molten.testing.vm_evidence.child_artifact_manifest_completeness
cairn/specs/testing-harness/spec.md	testing	accepted-implementation-unestablished	molten.testing.vm_evidence.child_receipt_semantic_validation
cairn/specs/testing-harness/spec.md	testing	accepted-implementation-unestablished	molten.testing.vm_evidence.docs
cairn/specs/testing-harness/spec.md	testing	accepted-implementation-unestablished	molten.testing.vm_evidence.expected_child_ref_gate
cairn/specs/testing-harness/spec.md	testing	accepted-implementation-unestablished	molten.testing.vm_evidence.log_boundary
cairn/specs/testing-harness/spec.md	testing	accepted-implementation-unestablished	molten.testing.vm_evidence.manifest_reference_closure
cairn/specs/testing-harness/spec.md	testing	accepted-implementation-unestablished	molten.testing.vm_evidence.negative_fixtures
cairn/specs/testing-harness/spec.md	testing	accepted-implementation-unestablished	molten.testing.vm_evidence.semantic_validation
cairn/specs/unison-typed-storage/spec.md	storage	accepted-implementation-unestablished	molten.storage.blob_payloads
cairn/specs/unison-typed-storage/spec.md	storage	accepted-implementation-unestablished	molten.storage.cairn_receipts
cairn/specs/unison-typed-storage/spec.md	storage	accepted-implementation-unestablished	molten.storage.canonical_values
cairn/specs/unison-typed-storage/spec.md	storage	accepted-implementation-unestablished	molten.storage.derived_archive_no_raw_memory_claims
cairn/specs/unison-typed-storage/spec.md	storage	accepted-implementation-unestablished	molten.storage.derived_archive_sidecars
cairn/specs/unison-typed-storage/spec.md	storage	accepted-implementation-unestablished	molten.storage.effect_manifest
cairn/specs/unison-typed-storage/spec.md	storage	accepted-implementation-unestablished	molten.storage.lazy_migration
cairn/specs/unison-typed-storage/spec.md	storage	accepted-implementation-unestablished	molten.storage.load_admission
cairn/specs/unison-typed-storage/spec.md	storage	accepted-implementation-unestablished	molten.storage.migration_admission
cairn/specs/unison-typed-storage/spec.md	storage	accepted-implementation-unestablished	molten.storage.migration_model
cairn/specs/unison-typed-storage/spec.md	storage	accepted-implementation-unestablished	molten.storage.migration_trace
cairn/specs/unison-typed-storage/spec.md	storage	accepted-implementation-unestablished	molten.storage.no_raw_memory
cairn/specs/unison-typed-storage/spec.md	storage	accepted-implementation-unestablished	molten.storage.property_tests
cairn/specs/unison-typed-storage/spec.md	storage	accepted-implementation-unestablished	molten.storage.redb_adapter
cairn/specs/unison-typed-storage/spec.md	storage	accepted-implementation-unestablished	molten.storage.roundtrip_tests
cairn/specs/unison-typed-storage/spec.md	storage	accepted-implementation-unestablished	molten.storage.schema_binding
cairn/specs/unison-typed-storage/spec.md	storage	accepted-implementation-unestablished	molten.storage.schema_mismatch_tests
cairn/specs/unison-typed-storage/spec.md	storage	accepted-implementation-unestablished	molten.storage.snapshot_authority_tests
cairn/specs/unison-typed-storage/spec.md	storage	accepted-implementation-unestablished	molten.storage.typed_ref_model
cairn/specs/unison-typed-storage/spec.md	storage	accepted-implementation-unestablished	molten.storage.write_admission
cairn/specs/unison-typed-storage/spec.md	typed_storage	accepted-implementation-unestablished	molten.typed_storage.compatibility_receipts_required
cairn/specs/unison-typed-storage/spec.md	typed_storage	accepted-implementation-unestablished	molten.typed_storage.migration_recipe_gate
cairn/specs/unison-typed-storage/spec.md	typed_storage	accepted-implementation-unestablished	molten.typed_storage.migration_validation
cairn/specs/unison-typed-storage/spec.md	typed_storage	accepted-implementation-unestablished	molten.typed_storage.no_function_serialization
cairn/specs/unison-typed-storage/spec.md	typed_storage	accepted-implementation-unestablished	molten.typed_storage.value_type_artifact_bindings
cairn/specs/upgrade-sessions/spec.md	upgrades	accepted-implementation-unestablished	molten.upgrades.cleanup_safety
cairn/specs/upgrade-sessions/spec.md	upgrades	accepted-implementation-unestablished	molten.upgrades.compatibility_window
cairn/specs/upgrade-sessions/spec.md	upgrades	accepted-implementation-unestablished	molten.upgrades.cutover_gate_binding
cairn/specs/upgrade-sessions/spec.md	upgrades	accepted-implementation-unestablished	molten.upgrades.impact_analysis
cairn/specs/upgrade-sessions/spec.md	upgrades	accepted-implementation-unestablished	molten.upgrades.name_move_workflow
cairn/specs/upgrade-sessions/spec.md	upgrades	accepted-implementation-unestablished	molten.upgrades.no_source_control_replacement
cairn/specs/upgrade-sessions/spec.md	upgrades	accepted-implementation-unestablished	molten.upgrades.no_ucm_clone
cairn/specs/upgrade-sessions/spec.md	upgrades	accepted-implementation-unestablished	molten.upgrades.plan_admission
cairn/specs/upgrade-sessions/spec.md	upgrades	accepted-implementation-unestablished	molten.upgrades.plan_hashing
cairn/specs/upgrade-sessions/spec.md	upgrades	accepted-implementation-unestablished	molten.upgrades.property_tests
cairn/specs/upgrade-sessions/spec.md	upgrades	accepted-implementation-unestablished	molten.upgrades.protocol_drain_hook
cairn/specs/upgrade-sessions/spec.md	upgrades	accepted-implementation-unestablished	molten.upgrades.protocol_drain_hook.gate
cairn/specs/upgrade-sessions/spec.md	upgrades	accepted-implementation-unestablished	molten.upgrades.receipt_backed_task_state
cairn/specs/upgrade-sessions/spec.md	upgrades	accepted-implementation-unestablished	molten.upgrades.rollback_tests
cairn/specs/upgrade-sessions/spec.md	upgrades	accepted-implementation-unestablished	molten.upgrades.session_model
cairn/specs/upgrade-sessions/spec.md	upgrades	accepted-implementation-unestablished	molten.upgrades.session_validation
cairn/specs/upgrade-sessions/spec.md	upgrades	accepted-implementation-unestablished	molten.upgrades.storage_migration_hook
cairn/specs/upgrade-sessions/spec.md	upgrades	accepted-implementation-unestablished	molten.upgrades.structured_session_artifacts
cairn/specs/upgrade-sessions/spec.md	upgrades	accepted-implementation-unestablished	molten.upgrades.task_model
cairn/specs/upgrade-sessions/spec.md	upgrades	accepted-implementation-unestablished	molten.upgrades.task_receipts
cairn/specs/upgrade-sessions/spec.md	upgrades	accepted-implementation-unestablished	molten.upgrades.todo_cli
cairn/specs/upgrade-sessions/spec.md	upgrades	accepted-implementation-unestablished	molten.upgrades.transcript_gate
